,name,age,nationality,overall,potential,club,value,wage,international reputation,weak foot,skill moves,body type,position,joined,contract valid until,height,weight,aggression,release clause,preferred foot = left,improvement,attacking rate,defensive rate,control,defending,gk,passing,physical,shooting,skill,speed,heading
0,L. Messi,31,Argentina,94,94,FC Barcelona,110500000.0,565000.0,5.0,4.0,4.0,2.0,RW,"Jul 1, 2004",2021,170.18,72.10884353741497,48.0,226500000.0,1.0,0,2,2,96.5,27.25,10.8,86.75,82.28571428571429,89.33333333333331,94.0,88.5,70.0
50,D. Mertens,31,Belgium,87,87,Napoli,45000000.0,135000.0,3.0,4.0,4.0,2.0,RW,"Jul 1, 2013",2020,170.18,60.770975056689345,59.0,76500000.0,0.0,0,3,1,90.0,35.25,7.8,75.75,76.0,81.16666666666667,85.0,89.0,35.0
56,Bernardo Silva,23,Portugal,86,91,Manchester City,59500000.0,180000.0,2.0,3.0,4.0,1.0,RW,"Jul 1, 2017",2022,172.72,63.94557823129252,58.0,114500000.0,1.0,5,3,2,91.5,44.25,10.8,79.5,74.42857142857143,72.5,84.5,79.0,51.0
60,R. Sterling,23,England,86,89,Manchester City,56500000.0,195000.0,3.0,3.0,4.0,1.0,RW,"Jul 14, 2015",2023,170.18,68.93424036281178,38.0,108800000.0,0.0,3,3,2,87.5,47.25,12.6,74.25,76.71428571428571,70.83333333333333,82.0,93.5,38.0
79,Marco Asensio,22,Spain,85,92,Real Madrid,54000000.0,215000.0,3.0,3.0,4.0,2.0,RW,"Jul 1, 2015",2023,182.88,76.19047619047619,45.0,121500000.0,1.0,7,3,2,85.5,41.5,10.0,81.5,73.57142857142857,79.5,83.0,83.5,50.0
84,R. Mahrez,27,Algeria,85,85,Manchester City,40500000.0,205000.0,3.0,4.0,5.0,1.0,RW,"Jul 10, 2018",2023,177.8,67.12018140589569,48.0,74900000.0,1.0,0,2,2,90.5,33.25,10.8,77.75,76.42857142857143,79.16666666666667,80.5,85.5,48.0
93,A. Sánchez,29,Chile,85,85,Manchester United,37500000.0,215000.0,4.0,3.0,4.0,2.0,RW,"Jan 22, 2018",2022,170.18,73.92290249433107,79.0,69400000.0,0.0,0,3,3,86.5,40.75,12.0,78.0,83.71428571428571,79.83333333333333,83.0,82.5,73.0
140,Willian,29,Brazil,84,84,Chelsea,30500000.0,175000.0,3.0,4.0,4.0,1.0,RW,"Aug 28, 2013",2020,175.26,78.0045351473923,44.0,56400000.0,0.0,0,3,3,86.0,51.5,11.8,73.0,73.57142857142857,78.66666666666667,81.5,88.5,31.0
155,O. Dembélé,21,France,83,92,FC Barcelona,40000000.0,155000.0,3.0,5.0,4.0,1.0,RW,"Aug 28, 2017",2022,177.8,67.12018140589569,54.0,90000000.0,1.0,9,3,1,86.5,35.25,9.8,75.5,72.85714285714286,74.66666666666667,81.5,92.5,43.0
157,Ronaldo Cabrais,26,Brazil,83,83,Grêmio,28000000.0,51000.0,1.0,4.0,4.0,2.0,RW,"Jan 1, 2018",2021,177.8,74.82993197278911,62.0,50400000.0,0.0,0,3,2,84.0,33.0,13.0,81.0,78.0,79.16666666666667,82.5,87.5,64.0
167,T. Werner,22,Germany,83,87,RB Leipzig,34500000.0,70000.0,3.0,4.0,3.0,2.0,RW,"Jul 1, 2016",2020,180.34,74.82993197278911,63.0,61200000.0,0.0,4,3,2,83.5,28.75,10.0,70.75,76.71428571428571,69.66666666666667,73.0,93.0,76.0
172,Lucas Vázquez,27,Spain,83,83,Real Madrid,27000000.0,205000.0,2.0,4.0,4.0,2.0,RW,"Jul 2, 2015",2021,172.72,69.84126984126982,65.0,55400000.0,0.0,0,3,3,82.5,45.0,10.0,74.5,76.85714285714286,74.66666666666667,82.0,81.5,52.0
183,Suso,24,Spain,83,86,Milan,33000000.0,115000.0,3.0,3.0,4.0,1.0,RW,"Jan 17, 2015",2022,175.26,69.84126984126982,23.0,58600000.0,1.0,3,3,2,88.5,27.75,11.2,79.25,72.42857142857143,79.0,80.0,80.0,50.0
236,Malcom,21,Brazil,82,89,FC Barcelona,31500000.0,140000.0,2.0,4.0,4.0,2.0,RW,"Jul 24, 2018",2023,172.72,73.92290249433107,53.0,70900000.0,1.0,7,2,2,85.0,23.0,10.6,76.25,75.71428571428571,78.5,81.0,84.5,57.0
283,Pedro,30,Spain,82,82,Chelsea,21000000.0,140000.0,3.0,5.0,4.0,1.0,RW,"Aug 20, 2015",2020,170.18,64.85260770975057,56.0,38900000.0,0.0,0,3,3,84.5,40.25,10.4,74.75,71.85714285714286,73.0,79.5,76.5,55.0
355,T. Hazard,25,Belgium,81,83,Borussia Mönchengladbach,21500000.0,40000.0,2.0,3.0,4.0,1.0,RW,"Jul 1, 2015",2020,175.26,68.93424036281178,57.0,38200000.0,0.0,2,2,2,84.0,38.25,7.4,77.5,76.14285714285714,78.16666666666667,80.5,81.5,38.0
367,S. Verdi,25,Italy,81,81,Napoli,19500000.0,77000.0,2.0,5.0,4.0,1.0,RW,"Jul 1, 2018",2023,170.18,60.770975056689345,48.0,33200000.000000004,1.0,0,3,2,85.0,49.75,10.6,78.5,73.14285714285714,76.83333333333333,79.0,87.0,42.0
375,E. Salvio,27,Argentina,81,81,SL Benfica,18500000.0,19000.0,2.0,4.0,4.0,3.0,RW,"Jul 1, 2012",2019,172.72,77.09750566893423,69.0,37000000.0,0.0,0,3,2,84.5,56.25,9.6,74.25,79.28571428571429,75.16666666666667,79.5,88.0,73.0
397,C. Vela,29,Mexico,81,81,Los Angeles FC,17500000.0,15000.0,3.0,2.0,4.0,2.0,RW,"Jan 1, 2018",2022,177.8,77.09750566893423,57.0,26300000.0,1.0,0,3,1,83.0,26.0,10.6,77.0,75.57142857142857,76.5,81.0,79.0,70.0
436,Rafa,25,Portugal,80,83,SL Benfica,18500000.0,17000.0,2.0,4.0,4.0,1.0,RW,"Aug 31, 2016",2021,172.72,66.21315192743764,41.0,38400000.0,0.0,3,3,2,85.0,33.75,10.2,70.0,72.85714285714286,65.5,76.5,92.0,46.0
498,Iago Falqué,28,Spain,80,80,Torino,15000000.0,59000.0,3.0,3.0,4.0,2.0,RW,"Jan 4, 2017",2022,175.26,68.93424036281178,48.0,25500000.0,1.0,0,3,3,84.5,37.0,10.8,75.75,69.85714285714286,75.33333333333333,79.0,77.5,53.0
502,Susaeta,30,Spain,80,80,Athletic Club de Bilbao,14000000.0,33000.0,2.0,3.0,4.0,1.0,RW,"Jun 1, 2007",2019,177.8,68.02721088435375,68.0,29400000.0,0.0,0,3,2,84.5,37.5,8.6,78.25,71.57142857142857,74.5,79.0,74.5,52.0
528,D. Valeri,32,Argentina,80,80,Portland Timbers,11500000.0,12000.0,2.0,3.0,3.0,1.0,RW,"Jan 10, 2013",2018,177.8,74.82993197278911,53.0,17300000.0,0.0,0,3,2,80.0,36.25,12.0,77.0,74.42857142857143,81.16666666666667,83.0,61.0,70.0
557,David Neres,21,Brazil,79,86,Ajax,18000000.0,18000.0,2.0,3.0,5.0,2.0,RW,"Feb 1, 2017",2022,175.26,66.21315192743764,52.0,28800000.0,1.0,7,3,2,85.5,33.25,9.6,67.0,74.14285714285714,66.5,75.5,85.5,50.0
579,C. Pavón,22,Argentina,79,85,Boca Juniors,17500000.0,27000.0,1.0,3.0,3.0,2.0,RW,"Jul 14, 2014",2022,175.26,78.0045351473923,56.0,28000000.0,0.0,6,3,2,77.5,44.5,10.0,69.25,78.28571428571429,74.66666666666667,77.5,91.5,48.0
638,S. Berghuis,26,Netherlands,79,80,Feyenoord,15000000.0,20000.0,2.0,3.0,3.0,1.0,RW,"Jul 31, 2017",2021,182.88,72.10884353741497,63.0,22100000.0,1.0,1,2,2,82.0,34.25,9.8,76.25,69.14285714285714,78.33333333333333,75.5,77.5,48.0
728,F. Chiesa,20,Italy,78,87,Fiorentina,16000000.0,46000.0,2.0,4.0,4.0,1.0,RW,"Jul 1, 2016",2022,175.26,69.84126984126982,62.0,30400000.0,0.0,9,3,3,81.5,40.75,7.4,68.25,73.14285714285714,68.83333333333333,73.5,85.0,50.0
800,D. Berardi,23,Italy,78,83,Sassuolo,14000000.0,50000.0,2.0,3.0,4.0,1.0,RW,"Jul 1, 2012",2022,182.88,72.10884353741497,85.0,24900000.0,1.0,5,3,1,82.5,32.75,5.4,75.5,72.57142857142857,75.5,74.0,79.0,62.0
808,A. Januzaj,23,Belgium,78,84,Real Sociedad,14000000.0,29000.0,1.0,4.0,4.0,1.0,RW,"Jul 12, 2017",2022,185.42,76.19047619047619,41.0,32200000.000000004,1.0,6,2,1,80.5,27.5,11.0,74.25,69.71428571428571,68.66666666666667,77.0,77.5,23.0
812,Y. Poulsen,24,Denmark,78,80,RB Leipzig,13000000.0,48000.0,2.0,3.0,3.0,1.0,RW,"Jul 4, 2013",2021,193.04,78.0045351473923,84.0,23100000.0,0.0,2,3,3,73.0,48.75,10.8,64.75,75.0,62.66666666666666,72.5,79.0,84.0
816,Leo Baptistao,25,Brazil,78,79,RCD Espanyol,12500000.0,29000.0,2.0,3.0,4.0,1.0,RW,"Jul 9, 2016",2021,180.34,72.10884353741497,38.0,27200000.0,0.0,1,3,1,80.0,26.75,9.2,72.0,73.85714285714286,69.5,78.5,76.5,75.0
858,V. Moses,27,Nigeria,78,78,Chelsea,11000000.0,105000.0,2.0,4.0,4.0,2.0,RW,"Aug 24, 2012",2021,177.8,77.09750566893423,62.0,20400000.0,0.0,0,2,2,81.5,73.0,11.2,71.5,75.57142857142857,70.5,74.0,78.0,70.0
862,Fábio Coentrão,30,Portugal,78,78,Rio Ave FC,10000000.0,13000.0,3.0,2.0,4.0,1.0,RW,"Aug 31, 2018",2019,177.8,66.21315192743764,81.0,21000000.0,1.0,0,3,2,80.0,75.5,13.0,74.0,77.28571428571429,64.0,76.0,76.0,63.0
883,Gervinho,31,Ivory Coast,78,78,Parma,9000000.0,49000.0,3.0,3.0,3.0,1.0,RW,"Aug 17, 2018",2021,177.8,66.21315192743764,51.0,16200000.0,0.0,0,3,1,79.0,29.5,10.8,71.25,71.85714285714286,63.33333333333334,76.0,90.5,63.0
890,L. Podolski,33,Germany,78,78,Vissel Kobe,6500000.0,11000.0,3.0,3.0,4.0,2.0,RW,"Jul 1, 2017",2019,182.88,82.99319727891157,70.0,8100000.0,1.0,0,2,1,78.0,42.0,10.6,76.5,73.71428571428571,81.16666666666667,77.0,75.5,66.0
1208,Wu Lei,26,China PR,76,77,Shanghai SIPG FC,9000000.0,19000.0,1.0,4.0,3.0,2.0,RW,"Mar 8, 2013",2020,175.26,66.21315192743764,65.0,20500000.0,0.0,1,2,2,75.5,31.25,11.4,69.75,74.14285714285714,68.33333333333333,74.0,87.0,69.0
1209,Gabriel Boschilia,22,Brazil,76,82,FC Nantes,10500000.0,48000.0,1.0,3.0,3.0,1.0,RW,,"Jun 30, 2019",172.72,63.03854875283447,47.0,,1.0,6,3,1,79.5,44.25,9.6,68.75,65.14285714285714,75.16666666666667,70.5,74.5,55.0
1275,M. Rashica,22,Kosovo,76,83,SV Werder Bremen,11000000.0,25000.0,1.0,4.0,3.0,1.0,RW,"Jan 31, 2018",2022,177.8,73.01587301587301,67.0,20900000.0,0.0,7,3,2,78.5,36.0,9.6,69.0,68.85714285714286,66.16666666666667,69.0,89.5,50.0
1278,D. Pabón,30,Colombia,76,76,Monterrey,7500000.0,46000.0,2.0,4.0,3.0,3.0,RW,"Jun 11, 2014",2019,167.64,73.01587301587301,74.0,12800000.0,0.0,0,3,3,75.5,36.75,12.8,71.25,79.57142857142857,76.66666666666667,76.5,85.0,51.0
1352,B. Dzsudzsák,31,Hungary,76,76,,0.0,0.0,3.0,4.0,4.0,2.0,RW,,,177.8,72.10884353741497,53.0,,1.0,0,2,2,75.0,29.5,9.6,75.25,71.57142857142857,81.33333333333333,76.0,75.0,42.0
1443,A. Samedov,33,Russia,76,76,Spartak Moscow,4700000.0,1000.0,2.0,3.0,4.0,2.0,RW,"Jan 25, 2017",2019,177.8,74.82993197278911,71.0,9800000.0,0.0,0,3,2,75.5,47.75,9.4,71.25,72.42857142857143,77.66666666666667,71.5,76.5,59.0
1538,J. Iturbe,25,Paraguay,76,79,U.N.A.M.,9500000.0,23000.0,2.0,2.0,4.0,2.0,RW,"Jul 5, 2018",2022,170.18,62.13151927437642,74.0,16900000.0,1.0,3,2,2,79.0,27.0,9.4,63.5,72.0,70.5,72.0,92.5,40.0
1627,C. Beauvue,30,France,75,75,Stade Malherbe Caen,6500000.0,23000.0,1.0,3.0,3.0,1.0,RW,,"Jun 30, 2019",175.26,66.21315192743764,54.0,,0.0,0,2,3,75.5,33.5,13.4,73.0,65.14285714285714,70.83333333333333,67.0,67.5,87.0
1662,Hélder Costa,24,Portugal,75,81,Wolverhampton Wanderers,9000000.0,54000.0,1.0,4.0,4.0,2.0,RW,"Jan 30, 2017",2020,177.8,77.09750566893423,59.0,18900000.0,1.0,6,3,2,78.5,27.75,10.0,65.0,67.71428571428571,70.66666666666667,72.0,87.5,46.0
1774,C. Ciano,28,Italy,75,75,Frosinone,6500000.0,17000.0,1.0,4.0,4.0,2.0,RW,"Jul 10, 2017",2021,175.26,73.01587301587301,51.0,11700000.0,1.0,0,3,2,76.5,23.0,9.2,70.5,70.0,72.0,69.5,81.0,60.0
1794,R. Steffen,26,Switzerland,75,75,VfL Wolfsburg,7000000.0,41000.0,1.0,3.0,3.0,2.0,RW,"Jan 10, 2018",2021,170.18,64.85260770975057,67.0,11900000.0,1.0,0,3,2,75.5,38.25,11.0,72.75,75.42857142857143,70.5,69.5,86.5,61.0
1819,P. Tau,24,South Africa,75,81,,0.0,0.0,1.0,4.0,4.0,2.0,RW,,,167.64,64.85260770975057,40.0,,0.0,6,3,2,81.5,31.75,11.6,68.75,65.0,72.0,79.5,77.5,52.0
1887,J. Urretaviscaya,28,Uruguay,75,75,Monterrey,6500000.0,46000.0,1.0,3.0,4.0,1.0,RW,"Jan 1, 2018",2019,172.72,66.21315192743764,56.0,11100000.0,0.0,0,2,2,75.5,31.0,11.2,70.0,70.42857142857143,69.83333333333333,72.5,85.0,54.0
1968,Adama,22,Spain,75,85,Wolverhampton Wanderers,10500000.0,54000.0,1.0,2.0,3.0,3.0,RW,"Aug 8, 2018",2023,177.8,76.19047619047619,54.0,22100000.0,0.0,10,3,1,86.0,23.5,10.4,61.5,75.42857142857143,57.33333333333334,59.5,96.5,40.0
1975,C. Musonda,21,Belgium,75,85,Vitesse,11000000.0,64000.0,1.0,5.0,4.0,1.0,RW,,"Jun 30, 2019",172.72,66.21315192743764,32.0,,0.0,10,2,2,80.5,21.75,7.2,66.75,64.71428571428571,63.5,67.5,84.5,39.0
2047,A. Silva,28,Uruguay,75,75,Montreal Impact,6500000.0,10000.0,1.0,4.0,4.0,1.0,RW,"Mar 26, 2018",2020,177.8,68.02721088435375,75.0,9800000.0,0.0,0,3,3,77.0,67.0,13.0,67.25,74.28571428571429,67.16666666666667,73.5,84.0,65.0
2052,M. Cornet,21,Ivory Coast,75,80,Olympique Lyonnais,9000000.0,41000.0,1.0,5.0,3.0,2.0,RW,"Jan 15, 2015",2021,177.8,68.93424036281178,58.0,17800000.0,1.0,5,3,3,74.0,32.25,11.6,65.0,73.42857142857143,71.16666666666667,71.0,87.0,68.0
2071,O. Watkins,22,England,74,81,Brentford,8000000.0,35000.0,1.0,3.0,3.0,1.0,RW,"Jul 18, 2017",2021,180.34,69.84126984126982,34.0,16800000.0,0.0,7,3,3,74.5,41.5,11.6,62.5,68.14285714285714,64.16666666666667,73.0,82.0,58.0
2075,G. Lezcano,31,Argentina,74,74,Monarcas Morelia,4900000.0,12000.0,1.0,4.0,3.0,2.0,RW,"Jan 22, 2017",2020,167.64,64.85260770975057,61.0,8400000.0,0.0,0,2,2,74.0,19.25,9.8,65.75,78.57142857142857,69.5,69.0,84.0,68.0
2115,Daniel Candeias,30,Portugal,74,74,Rangers FC,5500000.0,46000.0,1.0,4.0,4.0,2.0,RW,"Jul 1, 2017",2020,177.8,78.0045351473923,73.0,9900000.0,0.0,0,3,3,74.0,52.75,10.6,68.25,72.14285714285714,67.33333333333333,69.0,87.5,55.0
2219,J. Kembo-Ekoko,30,DR Congo,74,74,Bursaspor,5500000.0,18000.0,1.0,3.0,3.0,2.0,RW,"Aug 22, 2017",2019,177.8,78.0045351473923,64.0,11000000.0,0.0,0,3,1,76.0,31.75,10.0,67.5,66.71428571428571,74.66666666666667,71.5,81.0,56.0
2236,A. Ciciretti,24,Italy,74,78,Parma,7500000.0,44000.0,1.0,4.0,4.0,2.0,RW,,"Jun 30, 2019",170.18,62.13151927437642,44.0,,1.0,4,3,2,75.0,32.0,9.2,71.25,65.57142857142857,68.5,71.5,79.0,43.0
2286,L. Narsingh,27,Netherlands,74,74,Swansea City,6000000.0,28000.0,2.0,3.0,4.0,2.0,RW,"Jan 12, 2017",2019,177.8,77.09750566893423,28.0,11400000.0,0.0,0,2,1,75.0,22.5,9.2,62.25,64.28571428571429,62.16666666666666,70.0,91.0,40.0
2326,C. Rius,29,Argentina,74,74,Defensa y Justicia,5500000.0,13000.0,1.0,2.0,3.0,2.0,RW,"Jan 23, 2016",2019,170.18,72.10884353741497,59.0,8300000.000000001,0.0,0,2,1,73.5,31.5,12.6,64.0,67.71428571428571,61.66666666666666,72.5,77.0,55.0
2371,I. Pussetto,22,Argentina,74,82,Udinese,8500000.0,22000.0,1.0,4.0,3.0,1.0,RW,"Jul 23, 2018",2023,180.34,73.92290249433107,33.0,17000000.0,0.0,8,3,2,78.5,20.0,10.4,66.0,71.85714285714286,62.16666666666666,67.0,78.5,67.0
2382,S. Kalu,20,Nigeria,74,85,FC Girondins de Bordeaux,9500000.0,25000.0,1.0,4.0,3.0,2.0,RW,"Aug 6, 2018",2023,175.26,73.92290249433107,57.0,20000000.0,0.0,11,3,2,74.5,26.75,10.4,62.25,70.28571428571429,63.66666666666666,69.0,87.5,62.0
2399,K. Konaté,26,Ivory Coast,74,74,,0.0,0.0,1.0,4.0,3.0,2.0,RW,,,177.8,74.82993197278911,62.0,,0.0,0,3,2,74.5,33.0,13.0,70.25,71.85714285714286,72.83333333333333,68.5,87.5,64.0
2419,Roger Guedes,21,Brazil,74,81,Shandong Luneng TaiShan FC,8000000.0,14000.0,1.0,3.0,3.0,1.0,RW,"Jul 13, 2018",2019,182.88,67.12018140589569,42.0,18800000.0,0.0,7,3,2,79.5,27.0,10.6,68.5,66.85714285714286,64.5,70.0,81.0,61.0
2495,M. Ødegaard,19,Norway,74,84,Vitesse,9000000.0,54000.0,1.0,4.0,5.0,1.0,RW,,"Jun 30, 2019",177.8,68.02721088435375,32.0,,1.0,10,2,2,84.0,37.25,12.4,70.5,63.714285714285715,62.33333333333334,71.0,73.0,38.0
2536,A. Cerci,30,Italy,74,74,MKE Ankaragücü,5500000.0,21000.0,2.0,3.0,4.0,2.0,RW,"Aug 18, 2018",2019,180.34,78.0045351473923,60.0,11000000.0,1.0,0,2,1,78.5,32.75,10.2,72.5,65.42857142857143,74.33333333333333,69.5,77.0,59.0
2555,J. Fuenzalida,33,Chile,74,74,Universidad Católica,3400000.0,11000.0,1.0,4.0,3.0,2.0,RW,"Jan 10, 2016",2019,170.18,67.12018140589569,59.0,4800000.0,0.0,0,3,3,78.5,64.25,11.6,68.25,74.71428571428571,64.16666666666667,71.0,83.5,63.0
2587,J. Biabiany,30,France,74,74,Parma,5500000.0,38000.0,2.0,3.0,3.0,2.0,RW,"Aug 7, 2018",2019,177.8,73.01587301587301,58.0,9900000.0,0.0,0,3,1,76.5,27.75,7.2,65.75,71.57142857142857,61.66666666666666,67.5,94.0,53.0
2694,Gerso,27,Guinea Bissau,73,73,Sporting Kansas City,4200000.0,8000.0,1.0,2.0,3.0,2.0,RW,"Jan 4, 2017",2019,172.72,64.85260770975057,60.0,6300000.0,1.0,0,3,2,72.5,36.75,9.6,62.25,68.28571428571429,60.33333333333334,68.5,92.5,48.0
2741,Ivo Rodrigues,23,Portugal,73,79,Royal Antwerp FC,5500000.0,10000.0,1.0,4.0,4.0,1.0,RW,"May 14, 2018",2021,177.8,72.10884353741497,68.0,9400000.0,0.0,6,3,2,77.0,38.0,11.0,64.25,72.85714285714286,69.0,69.5,80.5,48.0
2765,T. Ince,26,England,73,74,Stoke City,4700000.0,37000.0,1.0,3.0,4.0,1.0,RW,"Jul 24, 2018",2022,177.8,66.21315192743764,38.0,9300000.0,1.0,1,2,2,75.5,30.5,10.4,60.0,68.42857142857143,70.83333333333333,70.0,78.5,40.0
2768,Élton,32,Brazil,73,73,Al Qadisiyah,3100000.0,18000.0,1.0,3.0,5.0,2.0,RW,"Jan 4, 2017",2019,157.48,59.86394557823129,44.0,5100000.0,1.0,0,3,2,73.0,33.75,11.6,70.75,66.14285714285714,74.83333333333333,68.5,84.5,40.0
2769,A. Ounas,21,Algeria,73,82,Napoli,6000000.0,35000.0,1.0,4.0,3.0,1.0,RW,"Jul 4, 2017",2022,172.72,64.85260770975057,64.0,11400000.0,1.0,9,2,2,77.0,44.0,8.2,66.5,67.28571428571429,65.16666666666667,67.5,81.5,51.0
2797,R. Orsolini,21,Italy,73,85,Bologna,7000000.0,52000.0,1.0,4.0,4.0,2.0,RW,,"Jun 30, 2019",182.88,73.01587301587301,44.0,,1.0,12,3,2,79.5,35.5,10.8,70.0,66.28571428571429,66.66666666666667,65.0,78.0,52.0
2845,C. Akolo,23,DR Congo,73,81,VfB Stuttgart,6000000.0,25000.0,1.0,3.0,4.0,2.0,RW,"Jul 9, 2017",2021,172.72,72.10884353741497,57.0,11400000.0,0.0,8,3,2,77.0,24.75,9.8,63.75,69.57142857142857,61.16666666666666,63.5,80.5,37.0
2897,Perdigão,26,Brazil,73,73,GD Chaves,4300000.0,10000.0,1.0,3.0,4.0,2.0,RW,"Jan 4, 2016",2020,185.42,77.09750566893423,58.0,9000000.0,0.0,0,2,2,76.5,24.75,10.6,68.25,67.42857142857143,64.0,71.0,74.5,46.0
3013,A. Özbiliz,28,Armenia,73,73,Willem II,4000000.0,40000.0,2.0,3.0,4.0,2.0,RW,,"Jun 30, 2019",175.26,72.10884353741497,35.0,,1.0,0,2,2,76.0,31.0,10.8,72.5,66.57142857142857,76.66666666666667,66.0,78.0,41.0
3086,Amilton,28,Brazil,73,73,CD Aves,4000000.0,12000.0,1.0,3.0,4.0,2.0,RW,"Jul 17, 2017",2020,172.72,66.21315192743764,78.0,8500000.0,0.0,0,3,2,74.0,32.25,10.2,57.75,70.0,63.5,65.0,90.5,43.0
3094,Kim Seung Joon,23,Korea Republic,73,75,Ulsan Hyundai FC,4900000.0,7000.0,1.0,4.0,3.0,2.0,RW,"Jan 1, 2015",2019,180.34,73.01587301587301,57.0,6500000.0,0.0,2,3,2,74.0,30.25,9.6,65.0,69.85714285714286,56.33333333333334,72.5,82.0,58.0
3185,A. Rosina,34,Italy,73,73,US Salernitana 1919,2000000.0,5000.0,2.0,3.0,4.0,2.0,RW,"Aug 18, 2016",2020,170.18,68.93424036281178,48.0,3200000.0,1.0,0,2,2,75.5,20.0,10.6,72.25,66.57142857142857,73.16666666666667,72.5,73.0,50.0
3221,J. Cuevas,30,Argentina,72,72,CD Everton de Viña del Mar,2900000.0,4000.0,1.0,4.0,3.0,2.0,RW,"Jun 27, 2017",2018,160.02,63.03854875283447,64.0,4000000.0,1.0,0,3,2,75.0,44.25,13.0,66.25,70.42857142857143,62.33333333333334,67.5,81.5,60.0
3232,F. Boulaya,25,Algeria,72,75,FC Metz,3900000.0,7000.0,1.0,4.0,5.0,1.0,RW,"Jul 1, 2018",2020,177.8,69.84126984126982,61.0,7300000.0,0.0,3,3,2,78.5,24.25,10.4,64.5,64.57142857142857,68.0,68.0,76.5,42.0
3247,Bruno Tabata,21,Brazil,72,81,Portimonense SC,4800000.0,6000.0,1.0,2.0,4.0,2.0,RW,"Jul 1, 2016",2021,175.26,67.12018140589569,56.0,11100000.0,1.0,9,2,1,75.0,38.75,8.8,67.0,68.42857142857143,65.16666666666667,69.5,81.0,56.0
3255,P. Gerkens,23,Belgium,72,77,RSC Anderlecht,4200000.0,13000.0,1.0,3.0,3.0,1.0,RW,"Jul 1, 2017",2021,177.8,67.12018140589569,58.0,6500000.0,0.0,5,3,2,69.0,64.5,10.8,69.25,69.42857142857143,61.16666666666666,74.0,59.5,77.0
3291,L. Jiménez,34,Chile,72,72,CD Palestino,1600000.0,4000.0,2.0,4.0,3.0,2.0,RW,"Aug 9, 2018",2019,182.88,74.82993197278911,67.0,2100000.0,0.0,0,3,2,74.5,40.25,11.2,74.25,66.85714285714286,70.5,70.5,66.0,51.0
3311,Lucas Piazon,24,Brazil,72,77,Chelsea,4200000.0,55000.0,1.0,4.0,3.0,1.0,RW,"Jan 20, 2012",2020,182.88,73.01587301587301,44.0,8000000.0,0.0,5,2,2,74.5,34.25,9.8,72.0,64.28571428571429,72.33333333333333,71.5,69.5,53.0
3320,B. Srarfi,21,Tunisia,72,80,OGC Nice,4600000.0,18000.0,1.0,3.0,4.0,1.0,RW,"Jan 31, 2017",2021,175.26,71.20181405895691,36.0,9700000.0,1.0,8,3,1,77.0,29.5,9.2,68.0,62.85714285714285,66.33333333333333,67.5,78.5,56.0
3336,H. Wilson,21,Wales,72,84,Derby County,5500000.0,48000.0,1.0,3.0,3.0,1.0,RW,,"Jun 30, 2019",172.72,69.84126984126982,31.0,,1.0,12,3,2,73.0,37.25,10.2,64.0,64.14285714285714,71.16666666666667,71.5,79.0,47.0
3337,A. González,24,Argentina,72,77,Godoy Cruz,4200000.0,11000.0,1.0,3.0,3.0,2.0,RW,"Nov 16, 2014",2023,170.18,69.84126984126982,48.0,6300000.0,0.0,5,3,3,73.0,40.0,12.0,59.0,68.85714285714286,56.66666666666666,71.0,83.5,46.0
3410,A. Bouzat,24,Argentina,72,78,Vélez Sarsfield,4300000.0,11000.0,1.0,2.0,3.0,2.0,RW,"Dec 27, 2017",2019,170.18,72.10884353741497,64.0,7200000.0,1.0,6,2,2,76.0,40.25,11.4,62.0,72.57142857142857,57.83333333333334,65.5,82.0,57.0
3448,A. Mena,30,Ecuador,72,72,Cruz Azul,2900000.0,20000.0,1.0,4.0,3.0,1.0,RW,"Jan 1, 2017",2018,167.64,67.12018140589569,27.0,5000000.0,1.0,0,2,2,72.5,42.0,9.6,69.25,68.42857142857143,67.83333333333333,69.0,82.5,65.0
3596,Zhang Xizhe,27,China PR,72,72,Beijing Sinobo Guoan FC,3300000.0,14000.0,1.0,4.0,3.0,1.0,RW,"Jul 15, 2015",2020,180.34,68.93424036281178,70.0,7200000.0,0.0,0,3,2,72.0,44.75,13.4,67.25,62.28571428571429,70.16666666666667,73.0,69.5,40.0
3625,R. Varga,28,Hungary,72,72,,0.0,0.0,1.0,4.0,3.0,1.0,RW,,,182.88,78.91156462585032,62.0,,0.0,0,2,2,71.5,26.25,11.6,64.75,72.14285714285714,69.66666666666667,72.0,83.5,69.0
3664,R. Matos,25,Brazil,72,75,Hellas Verona,3900000.0,19000.0,1.0,3.0,3.0,1.0,RW,,"Jun 30, 2019",182.88,78.91156462585032,56.0,,0.0,3,2,2,79.0,30.5,8.8,60.5,73.28571428571429,66.16666666666667,67.0,76.0,64.0
3710,Y. Ouattara,34,Ivory Coast,72,72,,0.0,0.0,1.0,5.0,3.0,2.0,RW,,,175.26,71.20181405895691,42.0,,1.0,0,3,2,73.0,24.5,11.8,69.75,70.85714285714286,71.0,68.0,80.5,45.0
3724,D. Villalva,25,Argentina,72,73,Querétaro,3700000.0,7000.0,1.0,4.0,4.0,2.0,RW,,"May 31, 2019",160.02,62.13151927437642,43.0,,0.0,1,2,2,76.0,29.0,9.0,66.5,71.85714285714286,67.33333333333333,67.0,79.0,61.0
3759,C. Falletti,25,Uruguay,72,75,Palermo,3900000.0,21000.0,1.0,3.0,4.0,1.0,RW,,"Jun 30, 2019",170.18,64.85260770975057,42.0,,0.0,3,3,2,77.5,23.75,8.4,66.25,71.57142857142857,66.83333333333333,65.0,82.0,47.0
3837,J. Cabot,24,France,72,78,FC Lorient,4300000.0,6000.0,1.0,3.0,3.0,2.0,RW,"Jan 30, 2016",2020,165.1,63.94557823129252,31.0,8300000.000000001,0.0,6,3,2,76.0,28.25,12.4,59.0,68.71428571428571,59.33333333333334,60.0,92.0,38.0
3857,J. Savarino,21,Venezuela,72,82,Real Salt Lake,5000000.0,5000.0,1.0,4.0,4.0,1.0,RW,"Feb 12, 2018",2021,170.18,66.21315192743764,59.0,8500000.0,0.0,10,3,2,76.0,34.5,10.6,61.25,71.57142857142857,64.5,67.5,84.5,43.0
3904,J. Russell,28,Scotland,72,72,Sporting Kansas City,3100000.0,7000.0,1.0,3.0,3.0,2.0,RW,"Feb 7, 2018",2020,177.8,76.19047619047619,78.0,4700000.0,1.0,0,3,3,74.0,38.25,11.0,64.5,74.28571428571429,66.5,70.5,77.5,67.0
3958,S. Downing,33,England,72,72,Middlesbrough,1900000.0,36000.0,2.0,3.0,3.0,1.0,RW,"Jul 16, 2015",2019,180.34,63.94557823129252,36.0,3600000.0,1.0,0,2,2,71.5,37.75,12.6,73.0,65.57142857142857,71.83333333333333,72.0,66.0,62.0
4012,T. Goiginger,25,Austria,71,74,LASK Linz,3000000.0,8000.0,1.0,3.0,4.0,1.0,RW,"Jul 1, 2017",2020,180.34,68.93424036281178,54.0,4500000.0,0.0,3,2,2,72.0,34.0,8.6,67.25,65.28571428571429,61.33333333333334,71.0,86.0,54.0
4025,L. Siligardi,30,Italy,71,71,Parma,2200000.0,27000.0,1.0,3.0,3.0,1.0,RW,"Jul 15, 2017",2020,180.34,72.10884353741497,39.0,4000000.0,1.0,0,2,1,75.0,33.25,11.2,68.25,67.71428571428571,68.33333333333333,65.5,77.5,46.0
4055,A. Gogia,26,Germany,71,72,1. FC Union Berlin,2800000.0,21000.0,1.0,4.0,4.0,1.0,RW,"Jul 2, 2017",2021,177.8,72.10884353741497,45.0,4700000.0,0.0,1,2,2,74.0,26.0,11.6,64.0,72.57142857142857,68.66666666666667,65.0,75.5,41.0
4136,I. Tajouri-Shradi,24,Libya,71,76,New York City FC,3200000.0,6000.0,1.0,4.0,3.0,2.0,RW,"Feb 7, 2018",2023,170.18,68.93424036281178,32.0,5000000.0,1.0,5,3,2,73.5,28.75,12.2,62.5,69.0,68.16666666666667,61.5,84.0,45.0
4137,S. Abdullahi,21,Nigeria,71,79,1. FC Union Berlin,3600000.0,4000.0,1.0,3.0,3.0,3.0,RW,,"Jun 30, 2019",185.42,86.16780045351473,79.0,,0.0,8,2,1,71.0,15.25,12.8,37.75,68.85714285714286,57.16666666666666,63.0,87.0,63.0
4195,R. Hassan,27,Nigeria,71,71,FC Midtjylland,2500000.0,16000.0,1.0,4.0,3.0,2.0,RW,"Jul 6, 2016",2019,172.72,63.94557823129252,80.0,3200000.0,0.0,0,3,2,73.0,50.0,8.6,62.5,71.71428571428571,57.0,68.5,83.5,61.0
4197,Heriberto Tavares,21,Portugal,71,80,Moreirense FC,3700000.0,6000.0,1.0,5.0,3.0,1.0,RW,,"Jun 30, 2019",180.34,66.21315192743764,45.0,,1.0,9,2,2,74.0,26.5,8.6,61.5,68.42857142857143,69.5,66.0,79.5,61.0
4271,D. Rotariu,22,Romania,71,78,AZ Alkmaar,3300000.0,14000.0,1.0,4.0,4.0,1.0,RW,,"Jun 30, 2019",180.34,72.10884353741497,35.0,,1.0,7,2,2,75.0,27.0,10.8,65.0,66.0,65.33333333333333,68.5,75.5,73.0
4327,D. Asprilla,29,Colombia,71,71,Al Fayha,2300000.0,14000.0,1.0,4.0,4.0,3.0,RW,"Jan 4, 2016",2020,177.8,77.09750566893423,68.0,3800000.0,0.0,0,2,2,75.5,29.75,10.8,63.25,65.28571428571429,68.5,65.5,79.5,63.0
4426,N. Mendez-Laing,26,England,71,72,Cardiff City,2800000.0,30000.0,1.0,3.0,3.0,3.0,RW,"Jul 1, 2017",2021,180.34,74.82993197278911,40.0,5800000.0,0.0,1,3,2,74.5,30.25,12.8,59.25,68.14285714285714,58.83333333333334,65.0,85.0,53.0
4446,R. Insigne,24,Italy,71,75,Benevento,3100000.0,31000.0,1.0,2.0,3.0,1.0,RW,,"Jun 30, 2019",172.72,64.85260770975057,28.0,,1.0,4,3,1,71.5,22.5,10.4,68.5,63.42857142857143,62.83333333333334,68.0,83.0,63.0
4494,F. Jozefzoon,27,Netherlands,71,71,Derby County,2500000.0,29000.0,1.0,4.0,3.0,1.0,RW,"Jul 20, 2018",2021,175.26,72.10884353741497,41.0,4700000.0,0.0,0,2,2,72.0,34.25,11.2,63.0,68.42857142857143,58.0,63.5,90.5,35.0
4573,Lisandro Semedo,22,Portugal,71,77,Fortuna Sittard,3200000.0,6000.0,1.0,3.0,4.0,2.0,RW,"Jul 1, 2018",2022,175.26,73.92290249433107,49.0,5400000.0,0.0,6,2,1,76.0,25.5,8.8,65.0,68.57142857142857,58.66666666666666,63.0,83.0,53.0
4602,Ukra,30,Portugal,71,71,Santa Clara,2200000.0,5000.0,1.0,4.0,3.0,2.0,RW,"Aug 8, 2018",2019,175.26,73.92290249433107,65.0,4700000.0,0.0,0,2,2,73.5,24.5,11.2,68.0,70.28571428571429,71.0,67.0,76.0,61.0
4735,R. Beerens,30,Netherlands,71,71,Vitesse,2200000.0,11000.0,1.0,4.0,3.0,2.0,RW,"Jan 31, 2018",2021,172.72,63.03854875283447,48.0,3400000.0,0.0,0,3,1,73.5,24.75,11.8,67.25,67.14285714285714,65.5,68.5,71.5,35.0
4772,Filipe Chaby,24,Portugal,70,76,Os Belenenses,2400000.0,4000.0,1.0,3.0,4.0,1.0,RW,"Jul 1, 2017",2021,175.26,63.94557823129252,49.0,5600000.0,1.0,6,2,2,75.0,38.0,11.0,60.25,66.57142857142857,61.5,69.0,74.5,62.0
4849,R. Nelson,18,England,70,85,TSG 1899 Hoffenheim,3700000.0,25000.0,1.0,4.0,4.0,1.0,RW,,"Jun 30, 2019",175.26,71.20181405895691,42.0,,0.0,15,3,2,76.0,35.0,12.2,53.75,58.85714285714285,62.16666666666666,60.0,89.5,39.0
4904,D. Zuma,23,South Africa,70,77,Kaizer Chiefs,2500000.0,1000.0,1.0,4.0,3.0,2.0,RW,"Jul 27, 2017",2020,170.18,72.10884353741497,38.0,6000000.0,0.0,7,2,2,75.5,39.5,7.8,62.5,60.14285714285714,54.33333333333334,65.5,78.5,38.0
4916,P. Helland,28,Norway,70,70,Rosenborg BK,1800000.0,5000.0,1.0,4.0,3.0,2.0,RW,"Jul 15, 2013",2020,185.42,83.90022675736961,66.0,2300000.0,1.0,0,3,2,70.5,46.0,12.8,63.75,65.28571428571429,71.33333333333333,69.0,74.5,53.0
4931,B. Aouacheria,24,France,70,75,Moreirense FC,2400000.0,4000.0,1.0,3.0,3.0,2.0,RW,"Aug 23, 2017",2020,182.88,73.92290249433107,68.0,5200000.0,0.0,5,3,3,74.5,36.25,9.6,63.25,64.71428571428571,58.16666666666666,66.0,72.0,58.0
4987,D. Damjanović,36,Montenegro,70,70,Suwon Samsung Bluewings,625000.0,5000.0,2.0,4.0,3.0,2.0,RW,"Jan 5, 2018",2021,187.96,81.17913832199547,70.0,781000.0,0.0,0,3,1,66.5,29.0,11.8,63.5,62.85714285714285,68.5,71.5,57.5,71.0
5052,Raphael Paneira,30,Brazil,70,70,Grêmio,1700000.0,17000.0,1.0,4.0,4.0,2.0,RW,"Jan 1, 2018",2021,182.88,78.0045351473923,44.0,3000000.0,0.0,0,2,2,76.5,35.0,10.0,67.25,61.85714285714285,56.83333333333334,72.0,57.0,64.0
5053,C. Espinoza,23,Argentina,70,77,Boca Juniors,2500000.0,15000.0,1.0,3.0,3.0,1.0,RW,,"Dec 31, 2018",167.64,69.84126984126982,34.0,,0.0,7,2,1,72.5,30.5,10.2,63.75,67.0,60.5,67.5,75.5,46.0
5105,A. Mabil,22,Australia,70,78,FC Midtjylland,2600000.0,12000.0,1.0,2.0,4.0,1.0,RW,"Jul 28, 2015",2022,177.8,73.01587301587301,35.0,3900000.0,0.0,8,2,1,74.0,26.25,14.2,56.25,64.14285714285714,56.33333333333334,61.0,92.5,33.0
5246,M. Duelund,21,Denmark,70,78,Dynamo Kyiv,2600000.0,1000.0,1.0,3.0,3.0,1.0,RW,"Aug 31, 2018",2023,180.34,69.84126984126982,75.0,6100000.0,0.0,8,3,2,72.0,40.25,12.4,65.0,72.57142857142857,65.0,66.5,74.0,61.0
5302,S. Khelifi,24,Switzerland,70,75,FC Zürich,2400000.0,8000.0,1.0,3.0,3.0,1.0,RW,"Jul 1, 2018",2021,172.72,64.85260770975057,47.0,3600000.0,0.0,5,3,1,74.5,31.75,11.0,56.25,68.0,60.0,66.0,82.5,18.0
5333,E. Hestad,23,Norway,70,77,Molde FK,2500000.0,5000.0,1.0,3.0,3.0,1.0,RW,"Aug 1, 2012",2019,182.88,74.82993197278911,63.0,3600000.0,1.0,7,2,2,71.5,57.25,9.2,66.25,69.85714285714286,62.16666666666666,68.5,74.5,46.0
5407,M. Diaby,18,France,70,85,Paris Saint-Germain,3700000.0,19000.0,1.0,2.0,3.0,1.0,RW,"Jul 1, 2018",2020,170.18,64.85260770975057,50.0,9100000.0,1.0,15,2,1,74.0,36.75,9.4,65.75,63.714285714285715,54.83333333333334,64.5,87.0,36.0
5465,Rafa Mir,21,Spain,70,81,UD Las Palmas,3100000.0,27000.0,1.0,2.0,3.0,2.0,RW,,"Jun 30, 2019",190.5,86.16780045351473,49.0,,0.0,11,3,1,67.0,39.25,10.8,60.5,66.85714285714286,63.83333333333334,64.0,72.0,74.0
5467,M. Cerato,30,Argentina,70,70,Club León,1700000.0,17000.0,1.0,3.0,3.0,1.0,RW,"Jul 16, 2018",2023,170.18,68.02721088435375,51.0,2900000.0,0.0,0,3,2,70.5,24.75,10.6,57.5,65.57142857142857,59.0,68.5,91.0,53.0
5566,M. Pisano,26,Argentina,70,70,Club Atlético Aldosivi,1900000.0,8000.0,1.0,3.0,3.0,1.0,RW,"Jul 23, 2018",2023,165.1,60.770975056689345,43.0,2800000.0,1.0,0,2,1,73.5,36.5,9.0,62.25,64.28571428571429,65.66666666666667,66.0,75.5,43.0
5612,O. Benítez,25,Argentina,70,73,Argentinos Juniors,2200000.0,7000.0,1.0,3.0,3.0,2.0,RW,,"Jun 30, 2019",182.88,83.90022675736961,59.0,,0.0,3,2,2,76.5,54.5,10.6,63.25,71.28571428571429,60.66666666666666,64.0,74.0,69.0
5662,D. Batallini,22,Argentina,69,77,Argentinos Juniors,1500000.0,6000.0,1.0,2.0,3.0,2.0,RW,"Jan 1, 2016",2021,175.26,73.92290249433107,70.0,2600000.0,1.0,8,3,1,72.0,53.5,8.6,56.75,66.0,53.0,71.0,77.0,57.0
5763,M. O'Halloran,27,Scotland,69,69,Melbourne City FC,1100000.0,7000.0,1.0,3.0,3.0,2.0,RW,"Jun 18, 2018",2020,180.34,78.91156462585032,31.0,1400000.0,0.0,0,3,2,67.5,32.25,12.4,58.75,70.71428571428571,58.83333333333334,58.5,93.0,49.0
5816,C. Stengs,19,Netherlands,69,84,AZ Alkmaar,2300000.0,4000.0,1.0,3.0,4.0,1.0,RW,"Aug 26, 2016",2022,187.96,68.02721088435375,47.0,4800000.0,1.0,15,2,2,75.0,30.75,9.4,62.25,64.0,54.33333333333334,67.0,78.0,42.0
5852,J. Cabrera,26,Uruguay,69,70,Deportivo Toluca,1200000.0,7000.0,1.0,2.0,3.0,2.0,RW,,"May 31, 2019",167.64,63.03854875283447,66.0,,0.0,1,2,1,69.0,33.5,11.0,63.5,68.0,57.66666666666666,69.0,83.0,37.0
5958,M. Bolados,22,Chile,69,76,Universidad Católica,1500000.0,4000.0,1.0,3.0,3.0,2.0,RW,,"Dec 31, 2018",167.64,72.10884353741497,55.0,,0.0,7,3,2,69.5,58.5,9.8,58.75,66.85714285714286,61.0,66.5,77.5,27.0
5983,L. Blessing,21,Ghana,69,79,Los Angeles FC,1700000.0,4000.0,1.0,4.0,3.0,1.0,RW,"Dec 12, 2017",2020,165.1,63.94557823129252,62.0,2900000.0,0.0,10,3,2,71.0,36.25,10.8,55.75,68.28571428571429,57.66666666666666,64.0,87.0,51.0
6052,Wellington,25,Brazil,69,70,Portimonense SC,1200000.0,5000.0,1.0,5.0,3.0,1.0,RW,"Jul 1, 2017",2020,182.88,67.12018140589569,32.0,2700000.0,0.0,1,3,2,72.5,29.25,9.6,62.0,66.28571428571429,60.5,62.0,79.0,43.0
6064,V. Marcel,21,France,69,77,ESTAC Troyes,1600000.0,12000.0,1.0,3.0,3.0,2.0,RW,,"Jun 30, 2019",180.34,64.85260770975057,52.0,,1.0,8,3,2,71.0,48.75,10.0,67.5,65.71428571428571,57.83333333333334,66.0,71.0,58.0
6108,H. Yamada,29,Japan,69,69,Júbilo Iwata,1000000.0,4000.0,1.0,3.0,3.0,2.0,RW,"Aug 30, 2017",2023,172.72,66.21315192743764,56.0,1300000.0,0.0,0,3,2,68.0,50.75,11.2,64.75,71.71428571428571,64.5,66.5,72.0,49.0
6120,J. Medina,21,Paraguay,69,79,New York City FC,1700000.0,4000.0,1.0,3.0,3.0,1.0,RW,"Jan 19, 2018",2022,177.8,69.84126984126982,38.0,2900000.0,1.0,10,3,2,71.0,30.0,10.2,67.0,61.42857142857143,67.33333333333333,70.5,73.0,66.0
6126,R. Lenis,25,Colombia,69,70,Atlético Nacional,1200000.0,3000.0,1.0,3.0,3.0,1.0,RW,"Feb 14, 2018",2019,180.34,69.84126984126982,29.0,1800000.0,0.0,1,3,2,72.0,32.5,12.6,65.5,67.0,59.5,65.0,69.0,64.0
6152,I. Anya,30,Scotland,69,69,Derby County,1000000.0,21000.0,1.0,4.0,3.0,2.0,RW,"Aug 31, 2016",2020,167.64,72.10884353741497,35.0,1900000.0,0.0,0,2,2,70.0,62.75,11.8,59.0,74.57142857142857,54.5,65.5,85.5,50.0
6161,D. Moberg Karlsson,24,Sweden,69,75,IFK Norrköping,1500000.0,4000.0,1.0,3.0,3.0,2.0,RW,"Jul 15, 2016",2019,177.8,76.19047619047619,49.0,2100000.0,1.0,6,3,2,69.5,21.0,10.0,54.75,65.14285714285714,62.66666666666666,66.5,86.5,48.0
6237,Witi,21,Mozambique,69,76,CD Nacional,1500000.0,5000.0,1.0,3.0,3.0,1.0,RW,"Jul 1, 2015",2020,172.72,63.94557823129252,46.0,3400000.0,1.0,7,2,2,71.5,29.25,11.2,56.5,64.0,58.83333333333334,59.5,87.5,45.0
6247,T. Jibril,20,Nigeria,69,76,Portimonense SC,1500000.0,4000.0,1.0,3.0,3.0,2.0,RW,"Jul 1, 2018",2021,177.8,73.92290249433107,26.0,3400000.0,0.0,7,3,2,72.0,13.75,10.4,60.75,59.0,55.0,54.5,75.0,61.0
6306,A. Guðmundsson,21,Iceland,69,81,AZ Alkmaar,1900000.0,6000.0,1.0,3.0,3.0,2.0,RW,"Aug 14, 2018",2022,177.8,79.81859410430839,53.0,3200000.0,0.0,12,3,2,75.5,34.0,6.8,65.0,66.0,60.16666666666666,68.5,76.0,39.0
6320,J. Lowe,23,England,69,75,Portsmouth,1400000.0,6000.0,1.0,4.0,4.0,1.0,RW,"Jan 1, 2017",2020,182.88,74.82993197278911,45.0,2800000.0,0.0,6,3,2,71.0,23.5,8.6,56.75,69.0,58.66666666666666,65.5,89.0,52.0
6430,P. Forsell,27,Finland,69,69,Miedź Legnica,1100000.0,3000.0,1.0,5.0,3.0,3.0,RW,"Jan 12, 2018",2019,167.64,72.10884353741497,46.0,1500000.0,0.0,0,1,1,68.5,43.75,12.6,66.5,68.0,68.33333333333333,67.0,54.5,42.0
6437,G. Arabidze,20,Georgia,69,81,CD Nacional,1900000.0,5000.0,1.0,3.0,3.0,2.0,RW,"Jul 3, 2018",2022,172.72,62.13151927437642,33.0,4300000.0,1.0,12,3,2,75.5,28.25,9.0,59.75,63.85714285714285,66.33333333333333,59.5,82.0,37.0
6512,S. Villa,22,Colombia,69,79,Boca Juniors,1700000.0,10000.0,1.0,3.0,3.0,1.0,RW,"Jul 23, 2018",2023,177.8,71.20181405895691,53.0,2700000.0,0.0,10,2,2,70.5,30.5,9.2,55.25,65.42857142857143,46.83333333333334,65.0,83.0,35.0
6555,Arsénio,28,Portugal,69,69,Moreirense FC,1100000.0,4000.0,1.0,3.0,3.0,2.0,RW,"Jul 1, 2017",2019,180.34,73.01587301587301,51.0,2200000.0,0.0,0,2,2,69.5,34.5,9.6,65.75,64.42857142857143,63.66666666666666,68.0,73.5,56.0
6622,Gabrielzinho,22,Brazil,68,74,Rio Ave FC,1200000.0,4000.0,1.0,3.0,4.0,2.0,RW,"Jul 25, 2017",2022,170.18,63.94557823129252,34.0,2800000.0,0.0,6,3,2,70.5,25.0,9.8,54.75,69.42857142857143,53.16666666666666,63.0,88.0,62.0
6662,A. Aosman,23,Syria,68,73,SG Dynamo Dresden,1200000.0,7000.0,1.0,3.0,3.0,2.0,RW,"Jul 7, 2015",2019,175.26,74.82993197278911,72.0,2000000.0,0.0,5,2,2,68.5,36.25,9.6,64.0,69.0,63.33333333333334,61.5,78.0,39.0
6663,Sergi Canós,21,Spain,68,74,Brentford,1200000.0,14000.0,1.0,3.0,3.0,2.0,RW,"Jan 31, 2017",2022,175.26,74.82993197278911,75.0,2600000.0,0.0,6,3,3,69.0,52.0,12.0,57.75,65.71428571428571,60.0,69.0,72.0,51.0
6687,G. Abán,31,Argentina,68,68,Unión La Calera,800000.0,2000.0,1.0,3.0,2.0,2.0,RW,"Jul 16, 2017",2021,177.8,81.17913832199547,39.0,1100000.0,0.0,0,2,2,65.5,35.5,7.6,58.5,61.14285714285714,65.33333333333333,63.0,70.0,70.0
6711,V. Černý,20,Czech Republic,68,75,Ajax,1300000.0,6000.0,1.0,3.0,3.0,1.0,RW,"Jan 1, 2014",2020,182.88,64.85260770975057,47.0,2000000.0,1.0,7,2,2,74.0,25.25,10.6,57.25,58.57142857142857,61.0,61.5,84.0,42.0
6773,J. Croux,24,Belgium,68,71,Willem II,1100000.0,4000.0,1.0,4.0,3.0,2.0,RW,"Aug 31, 2016",2019,172.72,69.84126984126982,58.0,1700000.0,1.0,3,2,2,72.0,26.75,12.6,63.5,67.14285714285714,65.66666666666667,57.5,80.0,33.0
6793,D. Valoyes,21,Colombia,68,80,Club Atlético Talleres,1600000.0,1000.0,1.0,4.0,3.0,1.0,RW,,"Jun 30, 2019",180.34,76.19047619047619,50.0,,0.0,12,2,1,66.0,42.0,10.0,60.25,65.57142857142857,66.5,65.5,80.0,49.0
6928,Nando,24,Spain,68,74,FC Sochaux-Montbéliard,1200000.0,8000.0,1.0,3.0,3.0,2.0,RW,,"Jun 30, 2019",177.8,68.02721088435375,52.0,,0.0,6,2,3,70.5,37.25,10.6,62.5,63.28571428571429,62.66666666666666,61.5,76.5,38.0
7003,Y. Yeboah,21,Ghana,68,78,CD Numancia,1500000.0,4000.0,1.0,2.0,3.0,1.0,RW,"Jul 18, 2018",2021,175.26,69.84126984126982,38.0,2600000.0,1.0,10,3,2,72.5,20.25,10.0,55.5,62.85714285714285,55.83333333333334,60.5,87.0,55.0
7038,Nam Joon Jae,30,Korea Republic,68,68,Incheon United FC,850000.0,3000.0,1.0,3.0,3.0,1.0,RW,"Jul 2, 2018",2022,182.88,74.82993197278911,61.0,1100000.0,0.0,0,3,1,68.5,25.5,12.4,60.75,68.28571428571429,54.66666666666666,57.5,79.5,62.0
7171,Mama Baldé,22,Guinea Bissau,68,76,CD Aves,1300000.0,5000.0,1.0,3.0,3.0,2.0,RW,,"Jun 30, 2019",180.34,74.82993197278911,75.0,,0.0,8,3,2,70.0,61.5,10.0,61.5,71.28571428571429,50.66666666666666,62.0,85.0,59.0
7181,N. Maturana,24,Chile,68,71,Colo-Colo,1100000.0,4000.0,1.0,2.0,3.0,1.0,RW,"Jun 20, 2017",2018,162.56,63.03854875283447,55.0,1700000.0,1.0,3,3,1,68.0,45.5,10.4,60.25,61.0,60.33333333333334,68.0,75.5,48.0
7182,D. Etienne Jr.,21,Haiti,68,78,New York Red Bulls,1500000.0,3000.0,1.0,3.0,4.0,2.0,RW,"Dec 21, 2015",2019,177.8,77.09750566893423,66.0,2500000.0,0.0,10,3,2,73.0,34.0,6.8,56.75,67.0,56.16666666666666,66.0,85.0,40.0
7263,G. Ghazaryan,30,Armenia,68,68,GD Chaves,850000.0,5000.0,1.0,4.0,3.0,2.0,RW,"Jul 14, 2018",2020,177.8,73.01587301587301,61.0,1800000.0,0.0,0,2,2,71.5,48.5,13.6,67.75,62.57142857142857,67.83333333333333,68.5,67.0,56.0
7272,F. Sotoca,27,France,68,68,Grenoble Foot 38,950000.0,3000.0,1.0,3.0,3.0,2.0,RW,"Jul 1, 2016",2023,187.96,81.17913832199547,66.0,1700000.0,0.0,0,2,2,64.0,36.75,13.0,63.5,63.14285714285714,63.5,58.0,80.5,65.0
7288,A. Mulenga,28,Zambia,68,68,Orlando Pirates,925000.0,1000.0,1.0,3.0,2.0,2.0,RW,"Jan 30, 2018",2021,177.8,69.84126984126982,55.0,2000000.0,0.0,0,2,2,65.0,28.5,9.4,59.5,61.57142857142857,61.16666666666666,67.5,73.0,59.0
7290,J. Huentelaf,29,Chile,68,68,CD Universidad de Concepción,875000.0,3000.0,1.0,3.0,3.0,2.0,RW,"Jul 27, 2017",2018,177.8,73.01587301587301,54.0,1200000.0,0.0,0,3,1,69.0,22.75,10.6,62.75,65.0,56.0,64.0,80.5,64.0
7293,G. Koomson,23,Ghana,68,72,SK Brann,1200000.0,2000.0,1.0,3.0,3.0,2.0,RW,"Jan 19, 2018",2021,180.34,68.93424036281178,58.0,1500000.0,0.0,4,3,2,68.0,35.5,11.6,59.0,67.28571428571429,61.0,69.5,86.5,49.0
7306,M. Fall,26,Senegal,68,69,KAS Eupen,1100000.0,6000.0,1.0,3.0,3.0,1.0,RW,,"Jun 30, 2019",182.88,72.10884353741497,57.0,,0.0,1,2,2,67.0,30.25,9.8,60.5,70.71428571428571,58.83333333333334,62.5,81.5,63.0
7425,Zequinha,31,Portugal,68,68,Vitória de Setúbal,775000.0,3000.0,1.0,3.0,3.0,1.0,RW,"Jul 24, 2018",2020,182.88,74.82993197278911,54.0,1600000.0,0.0,0,3,2,72.5,33.0,11.4,62.25,65.71428571428571,68.5,63.5,73.5,66.0
7503,Licá,29,Portugal,68,68,Os Belenenses,875000.0,4000.0,1.0,3.0,4.0,1.0,RW,"Feb 1, 2018",2020,180.34,69.84126984126982,70.0,1800000.0,0.0,0,3,2,66.5,40.5,9.4,62.75,70.28571428571429,64.5,66.5,73.0,60.0
7663,S. van der Water,21,Netherlands,67,76,Heracles Almelo,1200000.0,3000.0,1.0,3.0,3.0,2.0,RW,"Jul 1, 2018",2021,180.34,69.84126984126982,55.0,2000000.0,1.0,9,3,2,71.5,29.75,9.4,56.0,59.85714285714285,63.33333333333334,58.5,84.0,50.0
7735,S. Ojo,21,England,67,79,Stade de Reims,1400000.0,22000.0,1.0,3.0,3.0,2.0,RW,,"Jun 30, 2019",177.8,82.08616780045352,44.0,,1.0,12,2,1,70.0,29.75,10.8,57.0,58.28571428571429,57.33333333333334,62.0,78.5,44.0
7740,Y. Tafer,27,Algeria,67,67,FC St. Gallen,800000.0,6000.0,1.0,4.0,3.0,1.0,RW,"Jun 22, 2014",2019,180.34,67.12018140589569,44.0,1200000.0,1.0,0,2,2,66.5,36.5,11.8,61.75,64.42857142857143,65.33333333333333,64.5,76.5,52.0
7773,V. Lundberg,27,Sweden,67,68,BK Häcken,900000.0,2000.0,1.0,3.0,3.0,1.0,RW,"Jan 12, 2018",2020,187.96,78.91156462585032,75.0,1200000.0,0.0,1,3,2,64.5,33.75,13.6,60.5,68.71428571428571,66.83333333333333,62.0,59.5,66.0
7783,Paulo Henrique,20,Brazil,67,74,Portimonense SC,1100000.0,3000.0,1.0,4.0,3.0,1.0,RW,"Aug 31, 2018",2019,170.18,62.13151927437642,47.0,2500000.0,0.0,7,2,2,70.5,25.75,8.2,61.0,61.714285714285715,54.5,60.5,83.0,31.0
7793,E. Grezda,23,Albania,67,74,Rangers FC,1100000.0,15000.0,1.0,4.0,3.0,1.0,RW,"Aug 31, 2018",2022,182.88,77.09750566893423,54.0,2100000.0,0.0,7,3,2,69.0,30.0,10.0,59.0,64.28571428571429,52.16666666666666,58.0,89.0,44.0
7809,J. Sims,21,England,67,77,Reading,1200000.0,12000.0,1.0,4.0,3.0,1.0,RW,,"Jun 30, 2019",167.64,64.85260770975057,37.0,,0.0,10,3,2,70.5,30.0,10.6,59.75,61.14285714285714,58.16666666666666,59.5,81.0,42.0
7854,S. Becker,23,Netherlands,67,73,ADO Den Haag,1000000.0,3000.0,1.0,3.0,3.0,3.0,RW,"Aug 21, 2016",2019,180.34,74.82993197278911,53.0,1800000.0,0.0,6,3,2,68.5,29.25,12.8,57.75,69.28571428571429,60.0,60.0,92.0,42.0
7925,S. Edera,21,Italy,67,77,Torino,1200000.0,11000.0,1.0,3.0,3.0,1.0,RW,"Jul 14, 2014",2023,175.26,67.12018140589569,39.0,2300000.0,1.0,10,3,1,72.0,35.0,11.6,62.25,55.42857142857143,64.5,63.5,68.0,52.0
7927,G. Hupperts,26,Netherlands,67,68,Sporting Lokeren,900000.0,5000.0,1.0,3.0,3.0,2.0,RW,"Aug 6, 2016",2020,175.26,78.0045351473923,52.0,1400000.0,0.0,1,2,2,68.0,40.5,11.0,61.0,68.0,60.0,61.5,77.5,58.0
7977,C. Chiricò,26,Italy,67,67,Lecce,825000.0,2000.0,1.0,2.0,3.0,2.0,RW,"Jul 9, 2018",2021,170.18,72.10884353741497,45.0,1300000.0,1.0,0,2,2,69.5,22.0,9.8,59.25,70.0,64.0,62.5,77.0,44.0
8083,L. Nomenjanahary,32,Madagascar,67,67,Paris FC,600000.0,3000.0,1.0,2.0,3.0,2.0,RW,"Sep 9, 2016",2021,177.8,76.19047619047619,50.0,1100000.0,1.0,0,2,2,68.0,48.5,12.0,61.0,65.42857142857143,55.0,63.0,79.0,47.0
8095,K. Agard,28,England,67,67,Milton Keynes Dons,800000.0,7000.0,1.0,3.0,2.0,2.0,RW,"Aug 11, 2016",2019,175.26,67.12018140589569,59.0,1400000.0,0.0,0,2,3,60.0,36.0,9.0,58.75,74.85714285714286,55.33333333333334,62.0,81.0,62.0
8134,H. Shala,26,Norway,67,70,IK Start,950000.0,2000.0,1.0,3.0,3.0,2.0,RW,"Aug 4, 2018",2018,177.8,71.20181405895691,71.0,1300000.0,1.0,3,3,2,70.5,51.75,11.2,59.0,67.14285714285714,56.33333333333334,63.5,74.0,42.0
8166,F. Orlando,21,Italy,67,79,US Salernitana 1919,1400000.0,2000.0,1.0,3.0,3.0,2.0,RW,"Jul 18, 2018",2021,167.64,64.85260770975057,49.0,2500000.0,1.0,12,3,2,69.5,26.75,8.4,56.75,62.14285714285714,54.0,58.5,91.5,35.0
8170,A. Zapata,23,Colombia,67,74,Envigado FC,1100000.0,1000.0,1.0,3.0,3.0,1.0,RW,"Oct 5, 2018",2023,175.26,73.92290249433107,50.0,1700000.0,1.0,7,2,1,69.0,31.75,9.8,61.25,69.71428571428571,55.33333333333334,64.0,76.0,36.0
8193,S. Lex,28,Germany,67,67,TSV 1860 München,775000.0,3000.0,1.0,4.0,3.0,1.0,RW,"Jul 1, 2018",2020,177.8,73.92290249433107,48.0,1100000.0,0.0,0,3,1,67.0,26.25,11.4,58.5,67.42857142857143,58.83333333333334,58.0,88.5,49.0
8207,L. Heredia,21,Argentina,67,75,Club Atlético Colón,1100000.0,4000.0,1.0,4.0,3.0,2.0,RW,"Aug 24, 2017",2019,185.42,78.91156462585032,51.0,1900000.0,0.0,8,3,2,70.0,31.5,9.6,63.0,63.85714285714285,60.33333333333334,63.5,74.0,54.0
8241,Fernando Andrade,25,Brazil,67,72,Santa Clara,1000000.0,2000.0,1.0,2.0,3.0,2.0,RW,"Jul 1, 2017",2019,182.88,74.82993197278911,55.0,2200000.0,0.0,5,2,2,64.5,16.5,9.2,45.75,61.28571428571429,59.5,62.5,66.5,68.0
8292,P. Zinckernagel,23,Denmark,67,73,FK Bodø/Glimt,1000000.0,2000.0,1.0,2.0,3.0,1.0,RW,"Mar 30, 2018",2020,175.26,69.84126984126982,65.0,1500000.0,0.0,6,2,2,70.0,37.75,10.2,56.5,65.14285714285714,57.5,59.5,85.5,33.0
8344,J. Eggestein,20,Germany,67,81,SV Werder Bremen,1700000.0,7000.0,1.0,4.0,3.0,1.0,RW,"Jun 2, 2016",2019,182.88,74.82993197278911,34.0,3900000.0,0.0,14,2,2,70.5,33.75,10.8,59.75,63.14285714285714,61.16666666666666,65.5,70.5,65.0
8426,Iñigo Muñoz,21,Spain,67,79,Athletic Club de Bilbao,1400000.0,6000.0,1.0,3.0,3.0,1.0,RW,"Jul 1, 2017",2019,167.64,59.86394557823129,42.0,3100000.0,0.0,12,2,2,73.0,35.75,10.6,55.25,66.0,49.16666666666666,58.0,89.0,45.0
8480,K. Miyoshi,21,Japan,67,76,Hokkaido Consadole Sapporo,1200000.0,3000.0,1.0,4.0,3.0,2.0,RW,,"Jan 31, 2019",167.64,63.94557823129252,43.0,,1.0,9,3,1,70.0,35.75,9.8,58.25,70.14285714285714,59.33333333333334,53.0,89.5,37.0
8481,J. Opoku,28,Netherlands,67,67,VVV-Venlo,775000.0,4000.0,1.0,3.0,3.0,2.0,RW,"Jul 1, 2015",2019,185.42,82.08616780045352,43.0,1100000.0,0.0,0,2,2,70.5,40.75,12.2,60.0,69.14285714285714,62.0,63.5,68.5,35.0
8511,Cesinha,28,Brazil,67,67,Daegu FC,775000.0,3000.0,1.0,3.0,4.0,1.0,RW,"Feb 15, 2016",2023,177.8,73.92290249433107,35.0,969000.0,0.0,0,3,2,70.5,24.25,10.6,57.25,62.0,54.16666666666666,64.0,72.0,56.0
8600,S. Aluko,29,Nigeria,67,67,Reading,750000.0,13000.0,1.0,2.0,3.0,2.0,RW,"Aug 29, 2017",2021,172.72,74.82993197278911,34.0,1400000.0,1.0,0,2,2,70.0,35.25,10.0,61.75,64.42857142857143,66.0,62.5,77.5,42.0
8677,R. Sandoval,23,Peru,67,76,Monarcas Morelia,1200000.0,4000.0,1.0,4.0,3.0,1.0,RW,"Jan 3, 2018",2018,170.18,72.10884353741497,31.0,2200000.0,0.0,9,2,2,70.5,19.0,9.6,63.25,66.42857142857143,63.5,54.5,77.5,57.0
8761,D. Braaten,36,Norway,67,67,SK Brann,260000.0,2000.0,1.0,4.0,3.0,3.0,RW,"Feb 28, 2016",2018,182.88,93.87755102040815,72.0,325000.0,0.0,0,3,2,70.5,50.0,11.0,66.5,68.57142857142857,62.5,68.0,65.0,64.0
8772,M. Marras,24,Italy,66,68,Pescara,800000.0,2000.0,1.0,4.0,3.0,1.0,RW,"Jul 13, 2018",2021,167.64,63.03854875283447,35.0,1300000.0,1.0,2,2,2,68.0,18.5,11.4,60.75,60.57142857142857,56.83333333333334,62.0,74.0,43.0
8781,B. Manuel,21,Belgium,66,74,Royal Excel Mouscron,950000.0,4000.0,1.0,4.0,4.0,2.0,RW,,"Jun 30, 2019",165.1,68.93424036281178,41.0,,1.0,8,2,2,70.5,34.25,13.4,60.25,70.14285714285714,61.5,59.5,76.0,38.0
8897,C. Dieng,24,Senegal,66,68,FC Wacker Innsbruck,800000.0,6000.0,1.0,3.0,3.0,2.0,RW,,"Jun 30, 2019",180.34,66.21315192743764,39.0,,0.0,2,2,2,66.5,28.25,9.4,58.5,65.71428571428571,52.5,61.5,78.5,40.0
8898,L. Sinisterra,19,Colombia,66,79,Feyenoord,1200000.0,2000.0,1.0,2.0,3.0,2.0,RW,"Jul 9, 2018",2021,177.8,69.84126984126982,58.0,2400000.0,0.0,13,2,2,65.0,33.25,11.8,58.5,70.28571428571429,55.33333333333334,65.5,81.0,59.0
8914,P. Micin,19,Serbia,66,83,Udinese,1400000.0,4000.0,1.0,3.0,3.0,1.0,RW,"Jul 1, 2018",2021,187.96,71.20181405895691,41.0,3300000.0,0.0,17,3,1,71.5,31.5,9.4,59.0,57.85714285714285,62.16666666666666,62.0,67.0,55.0
8935,F. El Mellali,21,Algeria,66,74,Angers SCO,950000.0,6000.0,1.0,3.0,3.0,2.0,RW,"Aug 9, 2018",2023,167.64,59.86394557823129,30.0,2100000.0,0.0,8,2,2,72.5,27.5,8.8,58.25,54.714285714285715,54.5,62.0,72.5,41.0
8970,B. Halloran,26,Australia,66,67,Adelaide United,750000.0,2000.0,1.0,3.0,3.0,2.0,RW,"Aug 14, 2018",2020,182.88,77.09750566893423,44.0,994000.0,0.0,1,3,1,66.5,32.75,12.4,56.0,66.85714285714286,56.33333333333334,63.0,85.0,44.0
8971,P. Möschl,25,Austria,66,68,SG Dynamo Dresden,775000.0,6000.0,1.0,3.0,3.0,2.0,RW,"Jul 1, 2017",2019,175.26,68.02721088435375,52.0,1300000.0,0.0,2,2,2,66.0,35.75,10.6,54.25,69.14285714285714,56.0,65.0,84.0,50.0
8990,Lim Chan Wool,23,Korea Republic,66,72,Gangwon FC,875000.0,2000.0,1.0,3.0,3.0,2.0,RW,"Jan 1, 2016",2021,175.26,71.20181405895691,57.0,1300000.0,0.0,6,3,2,65.0,46.0,9.6,58.75,67.14285714285714,55.0,65.5,72.5,47.0
8995,F. Del Sole,20,Italy,66,76,Pescara,1000000.0,19000.0,1.0,3.0,3.0,1.0,RW,,"Jun 30, 2019",177.8,68.02721088435375,32.0,,1.0,10,2,2,72.0,34.5,12.0,58.25,52.0,61.0,62.5,70.0,33.0
9006,G. Rodríguez,27,Argentina,66,66,San Martin de Tucumán,675000.0,4000.0,1.0,3.0,3.0,2.0,RW,"Jul 1, 2014",2019,177.8,68.93424036281178,34.0,979000.0,0.0,0,3,2,68.5,26.5,10.8,53.5,61.57142857142857,51.83333333333334,62.5,71.5,42.0
9010,J. Levi,22,Sweden,66,74,Rosenborg BK,950000.0,2000.0,1.0,3.0,3.0,1.0,RW,"Jul 1, 2017",2021,185.42,74.82993197278911,32.0,1400000.0,1.0,8,2,1,68.5,28.75,11.8,59.25,58.0,66.16666666666667,58.5,77.0,48.0
9203,N. Spalek,21,Slovakia,66,75,Brescia,1000000.0,1000.0,1.0,4.0,3.0,1.0,RW,"Jan 24, 2017",2020,170.18,63.03854875283447,41.0,1800000.0,0.0,9,3,1,66.0,29.25,7.8,63.0,61.42857142857143,58.83333333333334,63.0,74.5,57.0
9206,N. Bärkroth,26,Sweden,66,67,Djurgårdens IF,750000.0,2000.0,1.0,4.0,3.0,2.0,RW,"Jul 19, 2018",2021,172.72,74.82993197278911,65.0,994000.0,0.0,1,2,1,66.0,34.0,11.0,59.75,69.85714285714286,61.33333333333334,59.5,85.0,30.0
9279,B. Enobakhare,20,Nigeria,66,80,Kilmarnock,1400000.0,14000.0,1.0,3.0,4.0,2.0,RW,,"Jan 1, 2019",177.8,77.09750566893423,49.0,,0.0,14,2,2,74.5,24.75,10.8,57.5,65.14285714285714,50.5,58.5,81.0,48.0
9348,M. Tévez,21,Argentina,66,77,Defensa y Justicia,1100000.0,5000.0,1.0,3.0,3.0,2.0,RW,,"Jun 30, 2019",170.18,68.93424036281178,39.0,,0.0,11,2,2,68.5,23.0,10.2,60.75,66.71428571428571,59.83333333333334,60.5,82.5,49.0
9388,K. Tamada,38,Japan,66,66,Nagoya Grampus,220000.0,2000.0,1.0,3.0,3.0,2.0,RW,"Jan 1, 2017",2018,172.72,67.12018140589569,67.0,275000.0,1.0,0,2,2,68.0,32.75,12.2,62.25,64.0,61.66666666666666,67.0,62.5,60.0
9432,J. Duma,24,Argentina,66,68,CD Antofagasta,800000.0,1000.0,1.0,4.0,3.0,1.0,RW,"Jan 23, 2018",2018,175.26,73.92290249433107,30.0,1100000.0,0.0,2,3,1,65.5,18.0,12.0,56.5,65.28571428571429,57.5,63.5,79.5,55.0
9506,G. Notsuda,24,Japan,66,70,Vegalta Sendai,850000.0,3000.0,1.0,4.0,3.0,2.0,RW,,"Jan 31, 2019",175.26,71.20181405895691,51.0,,1.0,4,3,2,60.5,37.25,8.8,58.75,69.71428571428571,60.66666666666666,67.5,76.5,38.0
9545,M. Sema,29,Sweden,66,66,GIF Sundsvall,625000.0,2000.0,1.0,4.0,3.0,1.0,RW,"Mar 27, 2018",2018,172.72,68.02721088435375,38.0,781000.0,0.0,0,3,2,68.5,38.0,10.0,58.25,69.71428571428571,58.5,60.0,79.5,49.0
9561,N. Mohammed,24,Ghana,66,72,BK Häcken,875000.0,2000.0,1.0,3.0,3.0,1.0,RW,"Aug 1, 2012",2020,172.72,69.84126984126982,21.0,1300000.0,0.0,6,2,2,68.5,19.5,11.0,55.0,67.57142857142857,51.66666666666666,59.0,86.5,29.0
9664,R. Riski,28,Finland,66,66,HJK Helsinki,650000.0,1000.0,1.0,3.0,3.0,1.0,RW,"Feb 8, 2018",2019,175.26,68.02721088435375,51.0,1400000.0,0.0,0,2,2,65.5,48.0,11.6,60.75,69.85714285714286,62.33333333333334,63.0,81.0,61.0
9715,B. Jayiya,28,South Africa,66,66,Kaizer Chiefs,650000.0,1000.0,1.0,3.0,3.0,2.0,RW,"Jul 1, 2017",2020,175.26,64.85260770975057,50.0,1400000.0,0.0,0,2,2,64.0,36.25,10.4,51.75,70.14285714285714,65.5,65.0,77.0,70.0
9764,S. Bakış,24,Turkey,66,72,FC Admira Wacker Mödling,900000.0,4000.0,1.0,3.0,2.0,2.0,RW,"Jul 3, 2018",2021,187.96,79.81859410430839,54.0,1500000.0,0.0,6,2,1,62.0,22.5,9.8,47.5,56.14285714285714,50.83333333333334,60.0,43.0,75.0
9834,P. Muñoz,32,Chile,66,66,CD O'Higgins,500000.0,3000.0,1.0,2.0,3.0,2.0,RW,"May 24, 2015",2018,172.72,68.93424036281178,46.0,675000.0,0.0,0,2,1,66.0,21.0,10.4,53.75,70.42857142857143,52.33333333333334,64.0,83.0,44.0
9840,J. Leko,19,England,66,78,West Bromwich Albion,1100000.0,6000.0,1.0,4.0,3.0,2.0,RW,"Sep 23, 2015",2021,182.88,63.94557823129252,30.0,2300000.0,0.0,12,2,2,72.0,19.5,9.2,48.75,65.42857142857143,58.5,57.0,88.5,64.0
9898,D. Vega,25,Costa Rica,66,67,SK Brann,775000.0,2000.0,1.0,4.0,4.0,1.0,RW,"Mar 2, 2016",2019,177.8,71.20181405895691,45.0,1000000.0,1.0,1,3,2,68.0,32.75,10.8,56.0,59.714285714285715,57.16666666666666,63.0,80.5,34.0
9925,G. Hein,21,France,66,72,FC Metz,900000.0,2000.0,1.0,3.0,3.0,2.0,RW,"Jul 1, 2016",2021,170.18,64.85260770975057,60.0,1800000.0,1.0,6,3,2,66.5,35.5,9.8,58.75,65.42857142857143,65.16666666666667,60.0,81.5,32.0
9966,Lee You Hyeon,21,Korea Republic,65,75,Jeonnam Dragons,875000.0,2000.0,1.0,4.0,3.0,2.0,RW,"Jan 1, 2017",2021,177.8,72.10884353741497,58.0,1300000.0,0.0,10,3,3,65.0,64.25,8.6,55.25,64.0,43.16666666666666,63.0,74.0,38.0
9973,H. Gong,19,Nigeria,65,77,Vitesse,950000.0,2000.0,1.0,3.0,3.0,3.0,RW,"Jul 5, 2018",2022,170.18,72.10884353741497,53.0,1600000.0,0.0,12,2,2,67.5,30.5,11.4,55.5,66.71428571428571,54.33333333333334,54.0,90.0,42.0
10052,Pak Kwang Ryong,25,Korea DPR,65,66,SKN St. Pölten,650000.0,5000.0,1.0,3.0,2.0,1.0,RW,"Aug 14, 2017",2019,187.96,82.99319727891157,61.0,991000.0,0.0,1,2,2,60.5,41.0,13.8,56.25,65.42857142857143,58.83333333333334,58.5,68.5,66.0
10068,Bae Il Hwan,29,Korea Republic,65,65,Jeju United FC,525000.0,2000.0,1.0,4.0,2.0,2.0,RW,"Jan 1, 2010",2022,180.34,74.82993197278911,55.0,656000.0,0.0,0,3,2,60.5,33.0,10.6,56.75,64.28571428571429,53.5,63.0,85.0,40.0
10087,T. Chong,18,Netherlands,65,85,Manchester United,1100000.0,13000.0,1.0,4.0,4.0,1.0,RW,"Jul 1, 2017",2019,182.88,69.84126984126982,65.0,3200000.0,1.0,20,3,3,64.5,43.25,10.6,61.25,62.57142857142857,59.0,65.5,77.5,50.0
10110,L. Grozurek,26,Austria,65,66,SK Sturm Graz,625000.0,5000.0,1.0,4.0,3.0,2.0,RW,"Jul 1, 2018",2021,187.96,82.99319727891157,46.0,953000.0,0.0,1,2,2,64.5,30.0,12.0,58.5,66.57142857142857,56.5,56.0,76.0,61.0
10113,J. Pérez,20,United States,65,81,Los Angeles FC,1200000.0,2000.0,1.0,3.0,3.0,3.0,RW,"Aug 9, 2018",2023,165.1,63.94557823129252,39.0,2500000.0,1.0,16,3,2,68.0,39.5,8.4,60.25,54.714285714285715,61.5,62.5,67.5,53.0
10129,M. Costly,22,Germany,65,72,1. FC Magdeburg,750000.0,4000.0,1.0,4.0,3.0,1.0,RW,"Jan 2, 2018",2020,182.88,74.82993197278911,53.0,1300000.0,0.0,7,2,3,64.5,60.25,10.0,55.25,64.57142857142857,43.83333333333334,61.0,81.5,40.0
10199,M. Omoh,26,Nigeria,65,65,Örebro SK,575000.0,2000.0,1.0,2.0,3.0,2.0,RW,"Jul 15, 2016",2019,185.42,82.99319727891157,65.0,719000.0,0.0,0,2,1,70.5,28.0,12.0,51.0,68.0,52.33333333333334,53.5,90.0,41.0
10283,Wang Xiaolong,32,China PR,65,65,Tianjin Quanjian FC,425000.0,6000.0,1.0,3.0,3.0,2.0,RW,"Jan 18, 2017",2020,175.26,67.12018140589569,55.0,914000.0,1.0,0,2,2,64.0,41.0,11.8,63.25,62.14285714285714,61.33333333333334,64.0,68.0,49.0
10329,P. Twumasi,24,Ghana,65,71,Deportivo Alavés,750000.0,6000.0,1.0,3.0,3.0,2.0,RW,"Jul 27, 2018",2022,175.26,67.12018140589569,42.0,1700000.0,0.0,6,2,2,67.5,26.75,14.6,52.75,63.0,52.33333333333334,59.0,79.5,36.0
10523,A. Skov Olsen,18,Denmark,65,79,FC Nordsjælland,1100000.0,2000.0,1.0,3.0,3.0,2.0,RW,"Jul 1, 2017",2020,180.34,69.84126984126982,48.0,2100000.0,1.0,14,2,1,64.5,29.75,9.2,50.75,64.71428571428571,59.16666666666666,62.5,79.0,37.0
10541,R. Boukari,31,Togo,65,65,La Berrichonne de Châteauroux,475000.0,2000.0,1.0,3.0,3.0,1.0,RW,"Aug 21, 2016",2020,187.96,69.84126984126982,59.0,831000.0,0.0,0,2,2,65.5,24.25,13.0,59.5,56.14285714285714,61.83333333333334,62.5,77.0,63.0
10565,Hu Rentian,27,China PR,65,65,Hebei China Fortune FC,575000.0,4000.0,1.0,3.0,3.0,1.0,RW,"Feb 23, 2018",2021,175.26,68.02721088435375,68.0,1200000.0,0.0,0,2,1,66.0,44.0,9.8,59.5,69.28571428571429,56.33333333333334,59.5,80.5,53.0
10639,H. El Mokeddem,19,France,65,75,Toulouse Football Club,850000.0,4000.0,1.0,5.0,3.0,1.0,RW,"Jul 1, 2018",2020,170.18,64.85260770975057,52.0,1900000.0,1.0,10,2,2,71.5,37.25,9.2,56.0,59.57142857142857,59.83333333333334,60.5,73.5,41.0
10744,S. Kikuchi,26,Japan,65,66,Shonan Bellmare,625000.0,1000.0,1.0,3.0,3.0,2.0,RW,"Jan 1, 2014",2018,180.34,74.82993197278911,55.0,828000.0,0.0,1,3,3,64.0,52.25,9.8,55.75,70.0,50.83333333333334,58.5,74.0,60.0
10745,L. González,27,Venezuela,65,65,Deportes Tolima,575000.0,1000.0,1.0,4.0,3.0,2.0,RW,"Jul 6, 2018",2021,170.18,66.21315192743764,44.0,805000.0,0.0,0,3,2,68.5,37.75,10.8,67.5,65.57142857142857,58.5,64.0,74.0,48.0
10761,L. Solignac,27,Argentina,65,65,Chicago Fire,575000.0,3000.0,1.0,3.0,3.0,2.0,RW,"Jan 5, 2017",2018,182.88,78.0045351473923,69.0,834000.0,0.0,0,2,3,67.0,54.0,9.2,54.75,65.85714285714286,53.0,63.0,74.0,65.0
10839,B. Kamau,23,Australia,65,70,Western Sydney Wanderers,725000.0,3000.0,1.0,3.0,3.0,1.0,RW,"Jun 1, 2018",2020,175.26,67.12018140589569,35.0,961000.0,0.0,5,3,2,65.0,30.5,8.8,58.0,63.42857142857143,50.33333333333334,58.5,90.0,44.0
10840,L. Putaro,21,Germany,65,72,Eintracht Braunschweig,775000.0,3000.0,1.0,3.0,3.0,1.0,RW,,"Jun 30, 2019",187.96,77.09750566893423,49.0,,1.0,7,2,2,67.5,35.75,8.2,56.75,62.14285714285714,57.0,59.0,67.0,65.0
10930,G. Castrovilli,21,Italy,65,79,US Cremonese,1200000.0,9000.0,1.0,2.0,2.0,1.0,RW,,"Jun 30, 2019",177.8,72.10884353741497,40.0,,0.0,14,3,1,66.0,47.0,12.6,60.75,57.85714285714285,51.33333333333334,62.0,70.5,49.0
10985,S. Kashket,22,England,64,76,Wycombe Wanderers,800000.0,2000.0,1.0,3.0,3.0,1.0,RW,"Aug 31, 2016",2019,175.26,66.21315192743764,34.0,1600000.0,1.0,12,3,2,65.0,20.0,12.0,53.25,66.42857142857143,51.83333333333334,57.0,85.5,46.0
10995,W. Burns,23,Wales,64,69,Fleetwood Town,600000.0,2000.0,1.0,3.0,3.0,2.0,RW,"Jan 19, 2017",2020,172.72,68.02721088435375,38.0,1100000.0,0.0,5,2,2,63.0,28.5,10.2,55.25,64.0,55.0,54.5,90.5,59.0
11138,K. Abazaj,21,Albania,64,71,RSC Anderlecht,650000.0,4000.0,1.0,4.0,2.0,2.0,RW,"Jul 1, 2018",2021,182.88,74.82993197278911,35.0,1100000.0,1.0,7,2,2,62.0,28.0,10.0,55.75,64.85714285714286,61.16666666666666,60.5,80.5,35.0
11142,A. Masuyama,21,Japan,64,69,Vissel Kobe,600000.0,2000.0,1.0,3.0,3.0,2.0,RW,"Jan 1, 2015",2021,172.72,72.10884353741497,33.0,795000.0,0.0,5,3,2,67.5,21.75,10.8,48.5,61.57142857142857,43.83333333333334,60.0,85.0,31.0
11203,F. Hormazábal,22,Chile,64,75,CD O'Higgins,775000.0,2000.0,1.0,3.0,3.0,2.0,RW,"Jul 5, 2017",2020,172.72,71.20181405895691,27.0,1200000.0,0.0,11,2,2,66.0,31.5,11.0,59.75,64.71428571428571,51.66666666666666,60.0,73.0,65.0
11248,D. Osei Yaw,19,France,64,75,Toulouse Football Club,750000.0,3000.0,1.0,3.0,3.0,2.0,RW,"Jul 1, 2018",2019,182.88,72.10884353741497,32.0,1700000.0,0.0,11,2,2,67.5,30.5,8.8,53.0,61.85714285714285,57.66666666666666,56.5,80.0,49.0
11300,Guillem Jaime,19,Spain,64,80,FC Barcelona,975000.0,13000.0,1.0,3.0,3.0,2.0,RW,"Jul 1, 2018",2020,177.8,69.84126984126982,49.0,2600000.0,0.0,16,3,2,69.5,55.0,9.6,59.75,62.57142857142857,54.16666666666666,58.0,68.5,49.0
11377,J. Bertilsson,30,Sweden,64,64,Örebro SK,425000.0,2000.0,1.0,2.0,3.0,2.0,RW,"Aug 10, 2018",2021,177.8,68.02721088435375,44.0,531000.0,0.0,0,2,2,64.5,29.75,10.4,59.5,68.14285714285714,61.16666666666666,66.0,71.5,46.0
11413,K. Anderson,23,England,64,68,Swindon Town,600000.0,3000.0,1.0,3.0,3.0,1.0,RW,"Jan 16, 2018",2020,177.8,71.20181405895691,34.0,1100000.0,0.0,4,3,2,65.0,16.0,8.2,50.75,65.0,57.0,58.5,80.0,65.0
11495,P. Karlsson Lagemyr,21,Sweden,64,70,IFK Göteborg,625000.0,1000.0,1.0,3.0,3.0,1.0,RW,"Jan 1, 2016",2020,167.64,58.04988662131518,22.0,906000.0,0.0,6,2,2,67.5,20.75,12.4,56.5,59.42857142857143,49.5,55.5,79.5,33.0
11510,T. Chahed,22,Germany,64,72,1. FC Magdeburg,675000.0,3000.0,1.0,4.0,2.0,2.0,RW,"Jul 1, 2015",2019,182.88,76.19047619047619,39.0,1200000.0,0.0,8,2,2,64.0,23.5,9.0,55.5,66.28571428571429,50.0,58.5,80.0,37.0
11555,A. Busin,22,France,64,72,AS Nancy Lorraine,675000.0,2000.0,1.0,2.0,3.0,1.0,RW,"Jul 1, 2014",2019,175.26,64.85260770975057,41.0,1300000.0,0.0,8,2,2,66.0,30.5,10.4,55.75,57.57142857142857,55.16666666666666,57.0,75.0,47.0
11628,H. Mahou,18,France,64,77,OGC Nice,800000.0,4000.0,1.0,3.0,3.0,1.0,RW,"Jul 1, 2018",2022,180.34,77.09750566893423,29.0,2000000.0,0.0,13,3,2,67.0,29.75,9.2,59.5,57.85714285714285,58.83333333333334,59.5,67.5,49.0
11656,M. Samuelsen,21,Norway,64,75,VVV-Venlo,775000.0,12000.0,1.0,4.0,4.0,1.0,RW,,"Jun 30, 2019",187.96,72.10884353741497,31.0,,0.0,11,2,2,74.0,27.25,11.8,51.0,58.57142857142857,54.5,60.5,75.0,43.0
11683,G. Perrin,22,France,64,75,US Orléans Loiret Football,775000.0,2000.0,1.0,3.0,3.0,2.0,RW,"Jan 21, 2018",2021,170.18,63.03854875283447,48.0,1500000.0,0.0,11,3,2,66.0,28.5,10.0,57.0,67.42857142857143,59.0,57.0,82.5,60.0
11738,Lee Keun Ho,22,Korea Republic,64,73,Pohang Steelers,700000.0,2000.0,1.0,3.0,2.0,2.0,RW,"Jan 1, 2018",2021,185.42,77.09750566893423,67.0,1000000.0,0.0,9,3,2,63.5,18.75,10.6,53.75,62.42857142857143,56.83333333333334,64.0,67.0,66.0
11769,D. Kutesa,20,Switzerland,64,77,FC St. Gallen,875000.0,3000.0,1.0,3.0,3.0,1.0,RW,"Jul 6, 2018",2021,175.26,67.12018140589569,39.0,1800000.0,0.0,13,3,2,68.0,36.75,8.2,49.25,70.28571428571429,51.0,57.5,88.0,37.0
11783,M. Ortíz,23,Argentina,64,69,Club Atlético Talleres,600000.0,4000.0,1.0,3.0,3.0,3.0,RW,"Jul 1, 2017",2018,162.56,63.94557823129252,44.0,945000.0,0.0,5,2,1,67.0,38.25,9.4,63.75,59.42857142857143,56.33333333333334,58.0,80.0,50.0
11793,F. Reynero,29,Chile,64,64,Curicó Unido,450000.0,1000.0,1.0,4.0,3.0,1.0,RW,"Jan 31, 2018",2018,177.8,74.82993197278911,25.0,608000.0,0.0,0,2,2,66.0,32.5,10.2,60.5,62.714285714285715,54.0,58.5,78.0,34.0
11813,N. Atkinson,19,Australia,64,79,Melbourne City FC,875000.0,1000.0,1.0,4.0,3.0,2.0,RW,"Dec 10, 2017",2020,180.34,72.10884353741497,55.0,1600000.0,0.0,15,3,2,64.5,60.75,11.2,51.5,77.14285714285714,47.83333333333334,63.0,82.0,38.0
11835,Kuki Zalazar,20,Spain,64,80,Real Valladolid CF,1000000.0,4000.0,1.0,3.0,2.0,2.0,RW,"Aug 29, 2018",2020,175.26,73.01587301587301,30.0,2800000.0,1.0,16,2,2,70.0,22.75,13.2,58.0,52.42857142857143,66.33333333333333,60.5,64.0,54.0
11872,Ahn Yong Woo,26,Korea Republic,64,64,Sagan Tosu,475000.0,2000.0,1.0,3.0,3.0,1.0,RW,"Jul 26, 2017",2023,177.8,68.93424036281178,42.0,594000.0,1.0,0,3,1,64.0,33.0,12.4,61.25,67.14285714285714,56.0,59.0,75.0,41.0
11933,D. Crnigoj,22,Slovenia,64,71,FC Lugano,625000.0,2000.0,1.0,3.0,3.0,2.0,RW,"Aug 31, 2015",2020,185.42,69.84126984126982,42.0,1000000.0,0.0,7,3,2,67.5,35.25,10.8,58.75,65.71428571428571,52.0,61.0,74.5,29.0
11934,A. Araujo,26,Argentina,64,65,Club Atlético Talleres,525000.0,4000.0,1.0,3.0,3.0,2.0,RW,"Jan 1, 2014",2020,165.1,59.86394557823129,32.0,827000.0,0.0,1,3,2,67.0,28.5,10.0,52.5,60.42857142857143,52.5,63.0,76.0,42.0
11947,Feng Renliang,30,China PR,64,64,Beijing Renhe FC,425000.0,4000.0,1.0,4.0,3.0,1.0,RW,"Jan 1, 2016",2019,180.34,68.02721088435375,39.0,914000.0,0.0,0,3,1,67.5,27.75,10.8,50.25,59.57142857142857,51.16666666666666,59.5,74.0,36.0
11952,F. Herbers,24,Germany,64,67,Philadelphia Union,575000.0,2000.0,1.0,3.0,3.0,2.0,RW,"Jan 14, 2016",2021,182.88,74.82993197278911,66.0,906000.0,0.0,3,3,2,65.0,46.25,11.2,58.25,62.42857142857143,62.33333333333334,59.5,71.0,65.0
12041,E. Cetre,20,Colombia,64,74,Santos Laguna,725000.0,4000.0,1.0,2.0,3.0,2.0,RW,"Jan 1, 2017",2021,170.18,73.92290249433107,31.0,1400000.0,0.0,10,2,2,69.0,25.75,8.8,59.5,59.42857142857143,58.0,55.0,72.0,42.0
12266,I. Sayan,25,Turkey,63,66,Sivasspor,475000.0,3000.0,1.0,3.0,3.0,1.0,RW,"Aug 9, 2018",2019,167.64,60.770975056689345,41.0,986000.0,0.0,3,3,1,68.5,34.25,12.6,60.75,48.714285714285715,54.33333333333334,56.5,63.5,39.0
12280,N. Mileusnić,24,Australia,63,66,Adelaide United,475000.0,1000.0,1.0,4.0,3.0,1.0,RW,"Aug 30, 2016",2019,180.34,71.20181405895691,38.0,629000.0,0.0,3,3,1,63.5,21.25,10.8,48.25,61.28571428571429,52.5,57.5,89.0,40.0
12296,N. Alho,25,Finland,63,65,HJK Helsinki,450000.0,1000.0,1.0,3.0,3.0,2.0,RW,"Feb 6, 2018",2018,172.72,76.19047619047619,40.0,1000000.0,0.0,2,2,2,64.5,39.5,11.6,58.5,68.14285714285714,54.5,52.5,77.5,38.0
12360,E. Gyasi,24,Ghana,63,65,Spezia,450000.0,1000.0,1.0,3.0,3.0,1.0,RW,"Aug 14, 2017",2021,180.34,74.82993197278911,38.0,731000.0,0.0,2,2,1,73.0,16.0,10.6,55.25,58.42857142857143,54.33333333333334,53.5,73.0,46.0
12451,O. Storflor,38,Norway,63,63,Ranheim Fotball,120000.0,1000.0,1.0,4.0,2.0,2.0,RW,"Mar 3, 2017",2018,180.34,74.82993197278911,44.0,150000.0,0.0,0,2,2,64.0,29.5,10.0,64.25,61.28571428571429,62.66666666666666,66.5,57.5,58.0
12571,E. Bearzotti,21,Italy,63,73,Cosenza,600000.0,1000.0,1.0,4.0,3.0,2.0,RW,,"Jun 30, 2019",180.34,69.84126984126982,44.0,,0.0,10,2,2,68.0,45.0,9.6,49.5,59.85714285714285,48.83333333333334,59.5,66.0,55.0
12601,M. Wilks,19,England,63,77,Doncaster Rovers,800000.0,5000.0,1.0,4.0,3.0,2.0,RW,,"Dec 31, 2018",182.88,71.20181405895691,31.0,,1.0,14,3,2,66.0,15.5,9.6,46.75,65.0,53.66666666666666,56.5,80.5,45.0
12614,K. Belmar,25,United States,63,64,Sporting Kansas City,450000.0,2000.0,1.0,2.0,3.0,1.0,RW,"Sep 1, 2017",2018,180.34,72.10884353741497,40.0,709000.0,0.0,1,3,2,70.5,36.5,9.8,58.75,63.0,58.66666666666666,51.0,70.0,58.0
12680,J. Hurtado,18,Venezuela,63,80,Gimnasia y Esgrima La Plata,750000.0,2000.0,1.0,3.0,3.0,2.0,RW,"Aug 3, 2018",2021,182.88,71.20181405895691,33.0,1600000.0,0.0,17,3,1,66.5,20.25,8.4,49.75,66.42857142857143,58.5,59.5,76.0,53.0
12690,M. Moström,35,Sweden,63,63,Molde FK,160000.0,1000.0,1.0,2.0,2.0,1.0,RW,"Dec 1, 2007",2018,177.8,68.02721088435375,51.0,200000.0,0.0,0,3,3,58.5,53.5,10.6,57.0,64.57142857142857,52.83333333333334,65.0,72.5,42.0
12975,Paulo Vitor,19,Brazil,63,80,Albacete BP,800000.0,1000.0,1.0,3.0,3.0,2.0,RW,"Jan 1, 2017",2020,167.64,64.85260770975057,40.0,1800000.0,0.0,17,2,2,64.5,36.5,11.0,44.25,65.57142857142857,56.33333333333334,57.5,82.0,60.0
13017,F. Barboza,21,Argentina,63,75,Argentinos Juniors,650000.0,2000.0,1.0,3.0,3.0,2.0,RW,"Jul 1, 2014",2021,170.18,72.10884353741497,44.0,1100000.0,0.0,12,2,1,67.0,35.75,11.2,54.0,65.85714285714286,48.66666666666666,57.0,77.0,34.0
13138,A. López,19,Netherlands,62,75,KSV Cercle Brugge,575000.0,5000.0,1.0,3.0,3.0,3.0,RW,,"Jun 30, 2019",175.26,73.01587301587301,38.0,,0.0,13,2,2,66.0,21.0,8.8,52.25,64.85714285714286,52.83333333333334,54.0,76.0,35.0
13222,M. Briceño,22,Chile,62,73,Curicó Unido,525000.0,2000.0,1.0,4.0,3.0,2.0,RW,,"Dec 31, 2018",180.34,74.82993197278911,40.0,,0.0,11,3,2,66.5,37.25,9.8,51.0,59.42857142857143,61.0,56.5,78.0,50.0
13381,M. Cubillos,22,Chile,62,69,Deportes Iquique,425000.0,1000.0,1.0,3.0,2.0,1.0,RW,"Jan 1, 2012",2019,175.26,67.12018140589569,33.0,659000.0,0.0,7,2,1,60.5,16.75,11.2,57.0,71.14285714285714,56.66666666666666,60.0,71.0,54.0
13384,K. Appin,20,France,62,73,KSV Cercle Brugge,525000.0,2000.0,1.0,3.0,3.0,2.0,RW,"Jul 1, 2017",2020,177.8,71.20181405895691,28.0,866000.0,0.0,11,3,1,67.5,26.25,11.0,54.25,59.0,54.33333333333334,56.0,72.5,50.0
13455,B. Lozano,21,Mexico,62,74,U.N.A.M.,550000.0,3000.0,1.0,4.0,3.0,1.0,RW,"Jun 1, 2015",2018,167.64,53.96825396825397,28.0,1000000.0,1.0,12,2,2,66.0,27.75,8.4,55.5,57.57142857142857,55.33333333333334,52.0,71.0,41.0
13457,Liu Weidong,31,China PR,62,62,Chongqing Dangdai Lifan FC SWM Team,270000.0,2000.0,1.0,3.0,2.0,2.0,RW,"Feb 19, 2016",2019,177.8,68.02721088435375,68.0,581000.0,0.0,0,3,2,59.0,39.5,12.6,54.25,63.57142857142857,52.33333333333334,59.0,78.0,51.0
13462,N. Bustos,19,Argentina,62,79,Club Atlético Talleres,650000.0,2000.0,1.0,2.0,2.0,2.0,RW,"Jul 1, 2016",2020,175.26,73.92290249433107,28.0,1400000.0,0.0,17,3,1,64.5,19.25,12.2,48.5,59.28571428571429,55.0,55.0,73.0,49.0
13542,W. Jobello,24,France,62,67,GFC Ajaccio,400000.0,1000.0,1.0,3.0,2.0,1.0,RW,"Aug 28, 2017",2020,177.8,68.02721088435375,39.0,730000.0,0.0,5,3,2,65.5,21.75,11.8,55.25,58.42857142857143,58.5,53.5,71.0,62.0
13649,F. Onyeka,20,Nigeria,62,74,FC Midtjylland,550000.0,3000.0,1.0,3.0,3.0,1.0,RW,"Jul 1, 2017",2023,182.88,69.84126984126982,65.0,825000.0,0.0,12,3,3,65.0,53.75,10.2,55.25,64.85714285714286,46.5,58.0,73.5,51.0
13756,M. Verreth,20,Belgium,62,72,PSV,500000.0,2000.0,1.0,4.0,3.0,2.0,RW,"Jun 24, 2014",2019,180.34,73.92290249433107,28.0,800000.0,0.0,10,2,2,64.0,30.5,11.2,53.5,56.14285714285714,59.16666666666666,53.5,78.0,33.0
13773,T. Sawada,27,Japan,62,62,V-Varen Nagasaki,325000.0,1000.0,1.0,3.0,2.0,1.0,RW,"Jan 1, 2017",2018,170.18,63.03854875283447,46.0,406000.0,0.0,0,2,1,62.0,24.0,8.4,54.25,60.28571428571429,59.16666666666666,53.5,76.0,41.0
13887,D. Pérez,18,Venezuela,62,78,Colo-Colo,625000.0,1000.0,1.0,3.0,3.0,2.0,RW,"Jul 1, 2018",2020,177.8,66.21315192743764,50.0,1300000.0,0.0,16,2,2,65.0,32.5,10.0,57.5,64.0,51.0,54.0,72.0,59.0
13935,I. Diarra,20,France,62,79,FC Girondins de Bordeaux,675000.0,5000.0,1.0,2.0,3.0,1.0,RW,"Jul 1, 2018",2021,172.72,63.94557823129252,30.0,1700000.0,1.0,17,2,1,66.5,21.0,8.8,51.25,55.42857142857143,53.66666666666666,52.5,79.5,42.0
13946,A. Sevinç,19,Turkey,61,75,Trabzonspor,550000.0,3000.0,1.0,3.0,2.0,1.0,RW,"Jun 1, 2016",2020,170.18,69.84126984126982,38.0,1400000.0,0.0,14,3,2,61.0,24.75,8.8,56.0,55.42857142857143,59.0,59.5,71.0,42.0
14065,J. Torres,18,Mexico,61,76,Club Atlas,525000.0,2000.0,1.0,3.0,2.0,2.0,RW,"Jul 1, 2016",2021,170.18,58.04988662131518,32.0,1200000.0,0.0,15,2,2,59.0,14.5,11.2,52.5,59.85714285714285,58.33333333333334,52.0,75.0,65.0
14070,A. Nilsson,27,Sweden,61,61,IF Brommapojkarna,260000.0,1000.0,1.0,3.0,2.0,2.0,RW,"Jan 1, 2018",2019,180.34,76.19047619047619,72.0,325000.0,0.0,0,3,2,60.5,36.5,8.4,55.75,65.42857142857143,48.5,57.0,72.5,45.0
14092,E. Rueda,22,Argentina,61,69,Argentinos Juniors,375000.0,2000.0,1.0,3.0,2.0,2.0,RW,"Nov 2, 2016",2019,175.26,72.10884353741497,38.0,619000.0,0.0,8,2,2,62.0,38.25,10.6,54.5,62.57142857142857,56.0,53.5,73.5,43.0
14135,Li Yuanyi,24,China PR,61,64,Tianjin TEDA FC,325000.0,2000.0,1.0,4.0,2.0,2.0,RW,"Feb 16, 2017",2020,180.34,69.84126984126982,46.0,723000.0,0.0,3,2,2,60.0,43.75,9.0,56.25,62.85714285714285,55.66666666666666,55.0,67.5,51.0
14175,L. Fritzson,22,Sweden,61,67,Östersunds FK,350000.0,1000.0,1.0,3.0,3.0,1.0,RW,"Jan 9, 2017",2020,182.88,77.09750566893423,52.0,508000.0,0.0,6,2,2,65.0,43.25,9.2,56.25,63.0,50.83333333333334,54.0,73.0,34.0
14182,T. Robinet,21,France,61,73,FC Sochaux-Montbéliard,450000.0,1000.0,1.0,3.0,2.0,2.0,RW,"Jan 20, 2016",2019,180.34,74.82993197278911,41.0,878000.0,0.0,12,2,2,58.5,23.5,10.8,57.5,66.71428571428571,52.33333333333334,56.0,69.0,60.0
14313,T. Goppel,21,Netherlands,61,70,ADO Den Haag,400000.0,1000.0,1.0,2.0,3.0,2.0,RW,"Jul 1, 2016",2020,177.8,73.01587301587301,50.0,680000.0,0.0,9,2,3,63.0,51.0,10.2,56.25,62.28571428571429,49.5,53.0,78.0,57.0
14321,Robert,17,Spain,61,81,Real Betis,500000.0,2000.0,1.0,5.0,3.0,1.0,RW,"Jul 1, 2017",2020,177.8,73.92290249433107,34.0,1600000.0,1.0,20,3,2,60.0,24.0,10.6,59.25,55.14285714285714,58.33333333333334,53.5,67.5,50.0
14418,S. Bastoni,21,Italy,61,73,Spezia,450000.0,1000.0,1.0,2.0,3.0,2.0,RW,"Jul 1, 2014",2023,182.88,73.92290249433107,52.0,788000.0,1.0,12,2,2,63.5,48.25,11.4,55.75,62.714285714285715,54.66666666666666,59.5,64.0,56.0
14432,K. Appiah-Kubi,26,Australia,61,62,Incheon United FC,300000.0,1000.0,1.0,1.0,3.0,1.0,RW,"Feb 17, 2018",2022,180.34,69.84126984126982,51.0,398000.0,0.0,1,2,2,63.0,37.25,8.6,52.75,71.28571428571429,41.833333333333336,53.0,92.0,63.0
14441,E. Omondi,23,Kenya,61,66,IF Brommapojkarna,325000.0,1000.0,1.0,3.0,2.0,2.0,RW,"Jan 1, 2018",2021,185.42,74.82993197278911,57.0,431000.0,0.0,5,2,2,61.0,41.25,9.6,48.25,59.85714285714285,48.0,58.5,86.5,53.0
14469,E. Mensah,20,Ghana,61,72,HJK Helsinki,425000.0,1000.0,1.0,3.0,2.0,1.0,RW,"Feb 1, 2017",2019,165.1,62.13151927437642,24.0,999000.0,1.0,11,2,2,62.5,31.5,10.4,48.5,66.57142857142857,48.5,55.5,79.5,41.0
14494,S. Ohlsson,25,Sweden,61,64,IFK Göteborg,325000.0,1000.0,1.0,3.0,3.0,1.0,RW,"Apr 4, 2017",2019,180.34,77.09750566893423,27.0,431000.0,0.0,3,2,2,66.5,37.25,10.2,53.5,61.14285714285714,52.0,53.5,67.5,47.0
14554,N. Gómez,20,Mexico,61,70,Pachuca,400000.0,4000.0,1.0,3.0,2.0,1.0,RW,"Jun 14, 2017",2018,167.64,60.770975056689345,38.0,760000.0,0.0,9,2,2,63.5,30.75,7.6,53.25,57.0,50.83333333333334,56.0,67.0,35.0
14600,M. Romero,22,Argentina,61,67,Argentinos Juniors,350000.0,2000.0,1.0,3.0,2.0,2.0,RW,"Jul 23, 2018",2023,175.26,73.01587301587301,49.0,578000.0,0.0,6,2,3,61.5,55.25,14.0,44.25,63.0,45.0,58.0,72.0,55.0
14636,C. Brandeborn,27,Sweden,61,61,IF Brommapojkarna,260000.0,1000.0,1.0,3.0,3.0,3.0,RW,"Jan 1, 2016",2018,175.26,74.82993197278911,65.0,325000.0,0.0,0,2,2,63.5,48.25,8.6,57.5,63.28571428571429,49.33333333333334,60.5,71.5,39.0
14674,B. Adekanye,19,Netherlands,60,80,Liverpool,450000.0,7000.0,1.0,2.0,3.0,2.0,RW,"Jan 1, 2017",2019,170.18,62.13151927437642,45.0,1300000.0,1.0,20,2,2,64.0,27.75,8.4,52.75,59.85714285714285,52.33333333333334,50.5,74.0,49.0
14687,D. Loader,17,England,60,82,Reading,450000.0,3000.0,1.0,3.0,3.0,1.0,RW,"Jul 1, 2017",2021,182.88,68.02721088435375,30.0,1300000.0,0.0,22,2,2,62.5,16.25,10.2,46.75,61.42857142857143,53.83333333333334,55.0,75.0,49.0
14727,R. Obermair,22,Germany,60,69,SK Sturm Graz,325000.0,3000.0,1.0,4.0,2.0,1.0,RW,"Jul 1, 2018",2020,182.88,76.19047619047619,39.0,536000.0,0.0,9,2,2,69.0,40.0,10.6,54.5,52.14285714285714,56.66666666666666,49.0,64.0,51.0
14740,Carlos Vicente,19,Spain,60,71,Real Zaragoza,350000.0,1000.0,1.0,3.0,2.0,1.0,RW,"Jul 12, 2018",2019,175.26,68.93424036281178,30.0,630000.0,0.0,11,2,2,62.5,29.25,10.8,53.75,58.14285714285714,59.16666666666666,53.5,66.0,54.0
14756,J. Velásquez,23,Colombia,60,69,Patriotas Boyacá FC,325000.0,1000.0,1.0,2.0,2.0,2.0,RW,"Jan 17, 2018",2021,175.26,69.84126984126982,42.0,504000.0,0.0,9,2,1,56.0,47.0,9.6,53.25,60.14285714285714,49.33333333333334,53.0,75.0,37.0
14774,D. Henriquez,19,Chile,60,76,Universidad Católica,450000.0,1000.0,1.0,3.0,3.0,2.0,RW,"Jul 1, 2016",2021,172.72,64.85260770975057,58.0,911000.0,0.0,16,3,2,64.5,30.5,8.6,51.25,60.0,47.16666666666666,58.0,72.5,61.0
14847,M. Salazar,25,Belize,60,61,Montreal Impact,250000.0,1000.0,1.0,2.0,2.0,2.0,RW,"Mar 1, 2016",2018,180.34,82.08616780045352,69.0,394000.0,0.0,1,2,2,60.0,38.0,7.0,54.5,62.42857142857143,49.66666666666666,61.0,71.5,69.0
14855,G. Mainero,23,Argentina,60,68,Vélez Sarsfield,300000.0,2000.0,1.0,3.0,2.0,1.0,RW,"Jan 1, 2018",2021,177.8,66.21315192743764,38.0,510000.0,0.0,8,2,3,63.0,35.25,11.4,54.25,56.57142857142857,53.0,51.5,73.5,42.0
14867,C. Kountouriotis,20,Greece,60,70,Panathinaikos FC,325000.0,1000.0,1.0,4.0,2.0,2.0,RW,"Jul 1, 2017",2020,182.88,72.10884353741497,42.0,780000.0,0.0,10,3,2,62.0,25.25,13.2,55.0,59.42857142857143,54.0,58.0,67.5,51.0
14890,M. Kristensen,21,Denmark,60,71,Esbjerg fB,350000.0,1000.0,1.0,3.0,3.0,1.0,RW,"Jan 1, 2015",2021,172.72,59.86394557823129,40.0,508000.0,0.0,11,2,2,60.0,38.25,11.2,54.75,64.14285714285714,56.16666666666666,54.0,77.5,45.0
14919,M. Gneba,19,France,60,73,Amiens SC,400000.0,2000.0,1.0,2.0,3.0,2.0,RW,"Jul 1, 2018",2021,175.26,72.10884353741497,30.0,1100000.0,0.0,13,2,2,56.5,15.75,10.2,47.75,63.57142857142857,55.0,53.5,82.5,55.0
14959,K. Riksvold,24,Norway,60,63,Ranheim Fotball,260000.0,1000.0,1.0,4.0,2.0,2.0,RW,"Jan 1, 2012",2019,182.88,73.01587301587301,33.0,345000.0,0.0,3,2,2,61.5,30.5,13.6,57.75,58.14285714285714,48.66666666666666,59.5,66.5,50.0
15004,M. Krauß,21,Germany,60,69,SpVgg Unterhaching,325000.0,1000.0,1.0,3.0,3.0,2.0,RW,"Jul 1, 2018",2020,170.18,64.85260770975057,37.0,536000.0,0.0,9,2,2,65.0,26.5,10.4,48.25,64.0,45.83333333333334,48.5,75.5,33.0
15044,M. Berden,20,Netherlands,60,70,Vitesse,325000.0,2000.0,1.0,3.0,3.0,3.0,RW,"Oct 7, 2018",2019,175.26,68.02721088435375,42.0,553000.0,0.0,10,3,2,65.0,19.75,9.4,52.75,57.714285714285715,46.83333333333334,57.0,69.5,36.0
15068,J. Morsay,20,Sweden,60,70,GIF Sundsvall,325000.0,1000.0,1.0,2.0,3.0,1.0,RW,"Oct 18, 2016",2018,177.8,74.82993197278911,32.0,471000.0,0.0,10,2,2,66.0,35.75,11.4,51.75,60.14285714285714,48.5,49.5,75.5,20.0
15233,V. Arboleda,21,Colombia,60,72,Portland Timbers,375000.0,1000.0,1.0,3.0,2.0,2.0,RW,"Jan 12, 2017",2023,170.18,64.85260770975057,49.0,638000.0,0.0,12,3,1,61.5,17.75,10.4,48.75,59.85714285714285,52.16666666666666,55.0,74.5,49.0
15264,A. Ćatić,19,Bosnia Herzegovina,60,75,PSV,450000.0,1000.0,1.0,3.0,3.0,2.0,RW,"May 30, 2018",2020,177.8,78.0045351473923,48.0,911000.0,0.0,15,2,2,59.0,26.5,9.4,57.25,54.85714285714285,55.83333333333334,55.5,86.5,45.0
15270,B. Njie,20,Norway,60,72,Odds BK,375000.0,1000.0,1.0,3.0,3.0,1.0,RW,"Jan 22, 2018",2020,172.72,64.85260770975057,38.0,544000.0,0.0,12,2,2,60.0,23.25,10.0,49.25,62.28571428571429,49.33333333333334,52.0,86.0,42.0
15406,J. Peñaloza,18,Colombia,59,77,SD Huesca,325000.0,2000.0,1.0,4.0,2.0,2.0,RW,"Sep 19, 2018",2023,172.72,63.94557823129252,25.0,918000.0,0.0,18,3,1,62.5,28.5,9.0,44.0,58.57142857142857,55.66666666666666,56.0,67.0,29.0
15431,B. Goller,19,Germany,59,75,FC Schalke 04,325000.0,2000.0,1.0,3.0,3.0,1.0,RW,"Aug 11, 2018",2019,180.34,64.85260770975057,34.0,756000.0,0.0,16,3,2,64.5,35.75,11.0,58.25,50.714285714285715,59.5,55.0,66.5,47.0
15500,F. López,20,Argentina,59,76,Argentinos Juniors,350000.0,2000.0,1.0,3.0,2.0,1.0,RW,"Jul 23, 2018",2020,170.18,69.84126984126982,30.0,726000.0,0.0,17,2,1,62.5,28.5,9.6,45.0,59.28571428571429,50.0,53.0,79.5,52.0
15522,J. Sotirio,22,Australia,59,66,Western Sydney Wanderers,220000.0,2000.0,1.0,3.0,2.0,1.0,RW,"Oct 1, 2014",2019,175.26,71.20181405895691,41.0,319000.0,0.0,7,3,1,56.5,31.75,11.8,47.25,67.42857142857143,46.16666666666666,54.0,85.0,38.0
15583,C. Elva,21,Canada,59,64,FC Würzburger Kickers,210000.0,1000.0,1.0,3.0,3.0,2.0,RW,"Sep 4, 2018",2019,177.8,72.10884353741497,34.0,320000.0,0.0,5,2,2,59.5,22.75,10.0,49.75,62.57142857142857,45.33333333333334,52.0,80.0,44.0
15599,J. Ingham,24,New Zealand,59,62,Melbourne Victory,200000.0,2000.0,1.0,3.0,3.0,2.0,RW,"Jan 5, 2016",2019,180.34,72.10884353741497,36.0,265000.0,0.0,3,2,1,60.0,19.25,11.4,48.5,56.28571428571429,52.16666666666666,54.0,82.5,36.0
15609,M. Rosas,20,Chile,59,74,Universidad Católica,350000.0,1000.0,1.0,3.0,2.0,2.0,RW,"Jul 1, 2017",2019,170.18,64.85260770975057,31.0,709000.0,0.0,15,2,2,63.5,25.5,12.4,53.5,51.0,55.5,49.0,68.5,40.0
15629,F. Castro,23,Uruguay,59,67,Club Necaxa,230000.0,2000.0,1.0,3.0,2.0,1.0,RW,"Jul 1, 2018",2021,177.8,67.12018140589569,28.0,437000.0,0.0,8,3,1,67.5,25.0,10.6,49.25,50.0,58.16666666666666,46.5,64.0,52.0
15669,A. Barreal,17,Argentina,59,73,Vélez Sarsfield,300000.0,1000.0,1.0,3.0,2.0,1.0,RW,"Jun 29, 2018",2021,172.72,66.21315192743764,33.0,638000.0,1.0,14,2,1,63.0,30.5,9.8,48.5,56.714285714285715,47.66666666666666,54.0,76.0,33.0
15740,B. Varga,24,Hungary,59,64,SV Mattersburg,210000.0,3000.0,1.0,3.0,2.0,2.0,RW,"Oct 19, 2018",2021,177.8,73.92290249433107,32.0,320000.0,0.0,5,2,2,52.0,12.25,10.8,41.25,63.42857142857143,51.16666666666666,56.0,66.5,57.0
15786,Mollejo,17,Spain,59,79,Atlético Madrid,300000.0,4000.0,1.0,3.0,3.0,1.0,RW,"Jul 1, 2018",2020,175.26,63.94557823129252,43.0,915000.0,1.0,20,2,2,60.0,24.0,10.2,50.75,58.42857142857143,53.0,56.0,73.0,42.0
15924,G. Tryggvason,18,Iceland,58,68,IK Start,190000.0,1000.0,1.0,3.0,2.0,1.0,RW,"Jan 12, 2018",2020,182.88,69.84126984126982,36.0,276000.0,0.0,10,2,2,59.0,27.5,9.2,48.5,53.714285714285715,55.0,53.5,74.5,36.0
16021,S. Solli,20,Norway,58,66,Ranheim Fotball,190000.0,1000.0,1.0,3.0,2.0,1.0,RW,"Jan 1, 2018",2020,175.26,69.84126984126982,39.0,276000.0,0.0,8,3,2,58.5,37.25,8.2,53.5,59.714285714285715,48.83333333333334,52.5,79.5,49.0
16068,M. Meli,18,Italy,58,78,Fiorentina,260000.0,4000.0,1.0,3.0,3.0,1.0,RW,"Jul 1, 2017",2021,177.8,69.84126984126982,33.0,702000.0,0.0,20,2,2,66.5,34.25,9.4,52.75,49.714285714285715,56.83333333333334,51.0,55.0,43.0
16099,A. Appiah,17,England,58,81,Nottingham Forest,280000.0,4000.0,1.0,3.0,3.0,1.0,RW,"Jan 24, 2018",2020,172.72,63.03854875283447,34.0,812000.0,1.0,23,2,2,59.0,18.0,10.4,41.25,57.85714285714285,50.33333333333334,49.5,90.5,44.0
16115,A. Tecpanécatl,20,Mexico,58,68,Puebla FC,210000.0,1000.0,1.0,3.0,3.0,1.0,RW,"Jan 1, 2015",2021,170.18,69.84126984126982,30.0,399000.0,0.0,10,3,2,66.0,25.5,11.2,46.75,52.57142857142857,55.0,47.5,72.0,49.0
16132,R. Alm,22,Sweden,58,64,IF Brommapojkarna,170000.0,1000.0,1.0,3.0,2.0,2.0,RW,"Jan 1, 2018",2021,175.26,69.84126984126982,55.0,247000.0,0.0,6,2,2,58.0,35.0,10.6,52.25,60.0,50.83333333333334,55.0,80.0,36.0
16149,M. Trovato,20,Italy,58,73,Cosenza,280000.0,1000.0,1.0,3.0,2.0,1.0,RW,"Jul 17, 2018",2019,182.88,74.82993197278911,33.0,609000.0,0.0,15,2,2,58.5,32.25,9.8,56.0,56.57142857142857,59.5,51.0,68.0,50.0
16234,F. Ourega,25,France,58,59,Paris FC,150000.0,1000.0,1.0,3.0,2.0,2.0,RW,"Jul 1, 2018",2019,175.26,73.92290249433107,47.0,274000.0,0.0,1,2,2,60.5,29.5,6.8,55.0,60.42857142857143,50.16666666666666,53.5,68.5,42.0
16241,H. Evjen,18,Norway,58,70,FK Bodø/Glimt,210000.0,1000.0,1.0,2.0,2.0,1.0,RW,"Aug 7, 2017",2020,175.26,69.84126984126982,35.0,305000.0,0.0,12,2,2,60.0,34.0,11.4,52.0,57.714285714285715,47.33333333333334,50.0,77.0,39.0
16253,F. Quiroz,20,Chile,58,68,Club Deportes Temuco,210000.0,1000.0,1.0,2.0,2.0,2.0,RW,"Jul 1, 2016",2019,175.26,73.01587301587301,46.0,326000.0,0.0,10,2,1,58.5,26.5,8.4,46.75,55.57142857142857,47.33333333333334,57.5,65.0,62.0
16309,J. Chávez,21,Mexico,57,67,Tiburones Rojos de Veracruz,170000.0,1000.0,1.0,1.0,2.0,2.0,RW,"Nov 1, 2018",2021,167.64,68.02721088435375,37.0,315000.0,0.0,10,3,2,56.5,31.25,10.6,47.25,54.85714285714285,53.33333333333334,54.5,75.0,49.0
16483,A. Díaz,18,Mexico,57,78,Club Tijuana,230000.0,2000.0,1.0,3.0,2.0,1.0,RW,"Jul 1, 2018",2021,167.64,59.86394557823129,31.0,621000.0,0.0,21,2,1,62.0,29.0,7.8,52.0,52.0,58.16666666666666,52.0,66.5,49.0
16644,J. Padilla,19,Mexico,57,76,Pachuca,220000.0,2000.0,1.0,3.0,2.0,1.0,RW,"Jul 1, 2017",2021,175.26,63.03854875283447,31.0,512000.0,0.0,19,2,2,67.0,26.5,8.2,53.25,48.28571428571429,54.83333333333334,50.0,45.5,48.0
16696,Jo Yong Jae,20,Korea Republic,56,68,Daegu FC,160000.0,1000.0,1.0,3.0,2.0,1.0,RW,"Jan 1, 2017",2021,172.72,68.02721088435375,55.0,232000.0,0.0,12,3,1,59.5,24.75,10.0,46.5,51.28571428571429,38.333333333333336,57.5,73.0,37.0
16709,M. Guel,19,Ivory Coast,56,75,FC Lorient,190000.0,1000.0,1.0,3.0,2.0,2.0,RW,"Jul 1, 2018",2020,172.72,79.81859410430839,33.0,451000.0,0.0,19,2,2,57.0,24.0,10.0,46.5,55.28571428571429,50.66666666666666,48.5,80.5,34.0
16737,D. Malhue,23,Chile,56,62,Club Deportes Temuco,120000.0,1000.0,1.0,3.0,2.0,2.0,RW,"Feb 20, 2018",2019,180.34,72.10884353741497,31.0,186000.0,0.0,6,2,1,60.0,29.75,9.0,43.25,57.85714285714285,51.33333333333334,48.0,71.0,35.0
16890,O. Solbakken,19,Norway,56,67,Ranheim Fotball,150000.0,1000.0,1.0,3.0,2.0,1.0,RW,"Jan 1, 2018",2019,185.42,82.08616780045352,35.0,218000.0,1.0,11,2,1,60.0,31.5,10.4,49.75,57.14285714285714,49.83333333333334,50.5,64.5,32.0
17065,M. Godoy,21,Chile,55,67,CD Huachipato,160000.0,1000.0,1.0,3.0,2.0,1.0,RW,"Jan 1, 2018",2021,170.18,68.02721088435375,33.0,248000.0,0.0,12,2,2,55.0,22.75,8.6,49.0,50.28571428571429,49.33333333333334,53.5,69.0,31.0
17266,A. Sow,18,Senegal,55,70,Racing Club de Lens,180000.0,1000.0,1.0,3.0,2.0,1.0,RW,"Jul 4, 2018",2023,177.8,67.12018140589569,35.0,428000.0,0.0,15,2,2,60.0,27.75,9.6,49.5,50.714285714285715,53.33333333333334,43.0,73.0,47.0
17270,H. Palacios,18,Colombia,55,76,Atlético Nacional,200000.0,1000.0,1.0,3.0,2.0,2.0,RW,"Apr 2, 2018",2021,177.8,67.12018140589569,29.0,480000.0,0.0,21,2,2,59.5,20.5,11.4,39.5,53.85714285714285,47.16666666666666,54.0,65.0,40.0
17318,I. Sadiq,18,Ghana,54,70,FC Nordsjælland,140000.0,1000.0,1.0,2.0,3.0,2.0,RW,"Jul 1, 2018",2021,175.26,69.84126984126982,61.0,263000.0,0.0,16,2,2,51.5,30.75,12.4,41.5,60.57142857142857,43.5,50.0,84.0,40.0
17334,S. Brady,22,Australia,54,63,Brisbane Roar,100000.0,1000.0,1.0,2.0,2.0,1.0,RW,"Nov 14, 2014",2019,175.26,63.94557823129252,47.0,145000.0,0.0,9,2,2,51.5,39.0,11.0,49.25,53.42857142857143,43.16666666666666,57.0,66.0,44.0
17446,Strefezza,21,Brazil,54,62,US Cremonese,100000.0,2000.0,1.0,2.0,2.0,2.0,RW,,"Jun 30, 2019",167.64,67.12018140589569,34.0,,0.0,8,3,1,60.0,19.75,10.8,44.0,45.14285714285714,38.5,45.5,71.5,31.0
17541,N. Sette,18,Australia,53,67,Melbourne Victory,120000.0,1000.0,1.0,2.0,2.0,2.0,RW,"Jun 1, 2018",2019,182.88,69.84126984126982,31.0,225000.0,0.0,14,2,2,54.5,22.0,11.2,42.0,49.28571428571429,43.5,49.5,73.0,38.0
17563,E. Banza,18,Congo,53,67,HJK Helsinki,120000.0,1000.0,1.0,3.0,2.0,2.0,RW,"Jan 1, 2017",2019,175.26,74.82993197278911,32.0,333000.0,0.0,14,2,2,54.5,24.5,10.0,43.25,54.714285714285715,50.66666666666666,51.5,65.0,36.0
17632,L. McCarron,17,England,53,63,Carlisle United,80000.0,1000.0,1.0,3.0,2.0,2.0,RW,"Sep 29, 2018",2020,175.26,60.770975056689345,27.0,156000.0,0.0,10,3,1,50.5,27.5,11.6,52.25,46.85714285714285,50.5,50.0,65.0,47.0
17635,M. Bildøy,18,Norway,53,69,SK Brann,120000.0,1000.0,1.0,2.0,2.0,2.0,RW,"Jan 1, 2017",2019,170.18,67.12018140589569,49.0,225000.0,0.0,16,2,2,53.5,32.5,10.4,48.25,53.28571428571429,49.16666666666666,47.0,68.0,32.0
17640,Zhong Yihao,22,China PR,53,58,Guangzhou Evergrande Taobao FC,80000.0,2000.0,1.0,3.0,2.0,2.0,RW,"Feb 24, 2018",2019,177.8,74.82993197278911,54.0,182000.0,0.0,5,2,2,52.5,35.5,9.8,48.0,60.42857142857143,52.5,49.5,69.5,62.0
17725,J. Skotadis,18,Australia,53,68,Sydney FC,120000.0,1000.0,1.0,3.0,2.0,1.0,RW,"Sep 11, 2018",2019,172.72,64.85260770975057,53.0,225000.0,0.0,15,2,2,50.0,20.25,9.8,42.25,48.57142857142857,48.83333333333334,49.5,75.0,29.0
17751,E. Ceide,16,Norway,52,75,Rosenborg BK,110000.0,1000.0,1.0,2.0,2.0,1.0,RW,"Jul 1, 2018",2021,175.26,69.84126984126982,34.0,253000.0,0.0,23,2,2,53.0,29.25,9.0,46.5,47.714285714285715,42.16666666666666,45.5,80.0,37.0
17794,M. Ormazábal,19,Chile,52,64,Curicó Unido,90000.0,1000.0,1.0,2.0,3.0,1.0,RW,"Jan 1, 2016",2020,172.72,72.10884353741497,29.0,140000.0,0.0,12,2,1,50.5,46.0,6.2,46.25,59.14285714285714,53.83333333333334,49.5,68.5,44.0
17916,K. Ogudugu,17,Norway,51,68,Vålerenga Fotball,70000.0,1000.0,1.0,3.0,2.0,2.0,RW,"Nov 11, 2018",2021,175.26,73.01587301587301,27.0,131000.0,0.0,17,2,2,55.0,21.75,11.6,41.75,47.714285714285715,48.16666666666666,48.0,65.0,42.0
17928,T. Nakagawa,25,Japan,51,52,Yokohama F. Marinos,40000.0,1000.0,1.0,3.0,2.0,2.0,RW,"Jan 1, 2015",2021,160.02,57.14285714285714,28.0,93000.0,0.0,1,2,2,48.5,18.5,10.8,38.25,66.57142857142857,48.66666666666666,49.0,65.5,52.0
17966,Yang Fangzhi,21,China PR,51,59,Dalian YiFang FC,50000.0,2000.0,1.0,3.0,2.0,1.0,RW,"Jan 1, 2017",2019,182.88,73.92290249433107,27.0,118000.0,0.0,8,3,2,52.0,24.25,9.6,41.5,52.85714285714285,48.0,49.5,70.0,35.0
18008,Cao Sheng,23,China PR,51,57,Shandong Luneng TaiShan FC,50000.0,2000.0,1.0,3.0,2.0,3.0,RW,"Jun 21, 2017",2021,172.72,64.85260770975057,26.0,118000.0,0.0,6,2,2,53.0,26.0,10.0,39.5,56.714285714285715,45.83333333333334,44.0,70.5,43.0
18089,H. Benns,18,England,50,58,Port Vale,40000.0,1000.0,1.0,3.0,3.0,1.0,RW,"Aug 14, 2018",2019,170.18,64.85260770975057,33.0,78000.0,0.0,8,2,2,54.0,20.75,10.0,37.5,49.57142857142857,44.16666666666666,46.0,73.0,36.0
18205,D. Walker-Rice,17,England,47,66,Tranmere Rovers,60000.0,1000.0,1.0,3.0,2.0,1.0,RW,"Apr 24, 2018",2019,177.8,69.84126984126982,33.0,143000.0,0.0,19,2,2,51.5,23.5,10.2,39.5,45.714285714285715,44.0,45.5,60.5,39.0
